onakshatram_key,onakshatram_varsham,onakshatram_masam,onakshatram_paksham,onakshatram_nakshatram,onakshatram_ruthu,onakshatram_start_date,onakshatram_end_date,onakshatram_date_adv,onakshatram_start_hour,onakshatram_start_mins,onakshatram_end_hour,onakshatram_end_mins,onakshatram_duration,onakshatram_first_derivative
ASR,,,,ASR,,20260301,20260302,0,3,3,2,20,1397,0
MAG,,,,MAG,,20260302,20260303,0,2,20,2,0,1420,0
PPH,,,,PPH,,20260303,20260304,0,2,0,2,7,1447,0
UPH,,,,UPH,,20260304,20260305,0,2,7,2,46,1479,0
HAS,,,,HAS,,20260305,20260306,0,2,46,3,58,1512,0
CHI,,,,CHI,,20260306,20260307,0,3,58,5,44,1546,0
SWA,,,,SWA,,20260307,20260308,0,5,44,8,0,1576,0
VIS,,,,VIS,,20260308,20260309,0,8,0,10,40,1600,0
ANU,,,,ANU,,20260309,20260310,0,10,40,13,33,1613,0
JYE,,,,JYE,,20260310,20260311,0,13,33,16,29,1616,0
MUL,,,,MUL,,20260311,20260312,0,16,29,19,12,1603,0
PVS,,,,PVS,,20260312,20260313,0,19,12,21,31,1579,0
UAS,,,,UAS,,20260313,20260314,0,21,31,23,18,1547,0
SHR,,,,SHR,,20260314,20260316,0,23,18,0,25,1507,0
SVT,,,,SVT,,20260316,20260317,0,0,25,0,51,1466,0
STB,,,,STB,,20260317,20260318,0,0,51,0,38,1427,0
PPP,,,,PPP,,20260318,20260318,0,0,38,23,50,1392,0
UPP,,,,UPP,,20260318,20260319,0,23,50,22,33,1363,0
REV,,,,REV,,20260319,20260320,0,22,33,20,56,1343,0
ASH,,,,ASH,,20260320,20260321,0,20,56,19,6,1330,0
BHA,,,,BHA,,20260321,20260322,0,19,6,17,11,1325,0
KRU,,,,KRU,,20260322,20260323,0,17,11,15,18,1327,0
ROH,,,,ROH,,20260323,20260324,0,15,18,13,33,1335,0
MRU,,,,MRU,,20260324,20260325,0,13,33,12,2,1349,0
AAR,,,,AAR,,20260325,20260326,0,12,2,10,48,1366,0
PUN,,,,PUN,,20260326,20260327,0,10,48,9,53,1385,0
PUS,,,,PUS,,20260327,20260328,0,9,53,9,19,1406,0
ASR,,,,ASR,,20260328,20260329,0,9,19,9,6,1427,0
MAG,,,,MAG,,20260329,20260330,0,9,6,9,16,1450,0
PPH,,,,PPH,,20260330,20260331,0,9,16,9,49,1473,0
UPH,,,,UPH,,20260331,20260401,0,9,49,10,46,1497,0
HAS,,,,HAS,,20260401,20260402,0,10,46,12,7,1521,0
CHI,,,,CHI,,20260402,20260403,0,12,7,13,53,1546,0
SWA,,,,SWA,,20260403,20260404,0,13,53,16,4,1571,0
VIS,,,,VIS,,20260404,20260405,0,16,4,18,36,1592,0
ANU,,,,ANU,,20260405,20260406,0,18,36,21,25,1609,0
JYE,,,,JYE,,20260406,20260408,0,21,25,0,22,1617,0
MUL,,,,MUL,,20260408,20260409,0,0,22,3,17,1615,0
PVS,,,,PVS,,20260409,20260410,0,3,17,5,56,1599,0
UAS,,,,UAS,,20260410,20260411,0,5,56,8,8,1572,0
SHR,,,,SHR,,20260411,20260412,0,8,8,9,43,1535,0
SVT,,,,SVT,,20260412,20260413,0,9,43,10,32,1489,0
STB,,,,STB,,20260413,20260414,0,10,32,10,35,1443,0
PPP,,,,PPP,,20260414,20260415,0,10,35,9,51,1396,0
UPP,,,,UPP,,20260415,20260416,0,9,51,8,27,1356,0
REV,,,,REV,,20260416,20260417,0,8,27,6,31,1324,0
ASH,,,,ASH,,20260417,20260418,0,6,31,4,11,1300,0
BHA,,,,BHA,,20260418,20260419,0,4,11,1,39,1288,0
KRU,,,,KRU,,20260419,20260419,0,1,39,23,4,1285,0
ROH,,,,ROH,,20260419,20260420,0,23,4,20,37,1293,0
MRU,,,,MRU,,20260420,20260421,0,20,37,18,27,1310,0
AAR,,,,AAR,,20260421,20260422,0,18,27,16,42,1335,0
PUN,,,,PUN,,20260422,20260423,0,16,42,15,26,1364,0
PUS,,,,PUS,,20260423,20260424,0,15,26,14,43,1397,0
ASR,,,,ASR,,20260424,20260425,0,14,43,14,33,1430,0
MAG,,,,MAG,,20260425,20260426,0,14,33,14,56,1463,0
PPH,,,,PPH,,20260426,20260427,0,14,56,15,47,1491,0
UPH,,,,UPH,,20260427,20260428,0,15,47,17,5,1518,0
HAS,,,,HAS,,20260428,20260429,0,17,5,18,45,1540,0
CHI,,,,CHI,,20260429,20260430,0,18,45,20,45,1560,0
SWA,,,,SWA,,20260430,20260501,0,20,45,23,4,1579,0
VIS,,,,VIS,,20260501,20260503,0,23,4,1,38,1594,0
ANU,,,,ANU,,20260503,20260504,0,1,38,4,26,1608,0
JYE,,,,JYE,,20260504,20260505,0,4,26,7,23,1617,0
MUL,,,,MUL,,20260505,20260506,0,7,23,10,22,1619,0
PVS,,,,PVS,,20260506,20260507,0,10,22,13,14,1612,0
UAS,,,,UAS,,20260507,20260508,0,13,14,15,48,1594,0
SHR,,,,SHR,,20260508,20260509,0,15,48,17,53,1565,0
SVT,,,,SVT,,20260509,20260510,0,17,53,19,18,1525,0
STB,,,,STB,,20260510,20260511,0,19,18,19,57,1479,0
PPP,,,,PPP,,20260511,20260512,0,19,57,19,46,1429,0
UPP,,,,UPP,,20260512,20260513,0,19,46,18,46,1380,0
REV,,,,REV,,20260513,20260514,0,18,46,17,3,1337,0
ASH,,,,ASH,,20260514,20260515,0,17,3,14,43,1300,0
BHA,,,,BHA,,20260515,20260516,0,14,43,11,59,1276,0
KRU,,,,KRU,,20260516,20260517,0,11,59,9,1,1262,0
ROH,,,,ROH,,20260517,20260518,0,9,1,6,1,1260,0
MRU,,,,MRU,,20260518,20260519,0,6,1,3,10,1269,0
AAR,,,,AAR,,20260519,20260520,0,3,10,0,40,1290,0
PUN,,,,PUN,,20260520,20260520,0,0,40,22,41,1321,0
PUS,,,,PUS,,20260520,20260521,0,22,41,21,18,1357,0
ASR,,,,ASR,,20260521,20260522,0,21,18,20,37,1399,0
MAG,,,,MAG,,20260522,20260523,0,20,37,20,38,1441,0
PPH,,,,PPH,,20260523,20260524,0,20,38,21,19,1481,0
UPH,,,,UPH,,20260524,20260525,0,21,19,22,37,1518,0
HAS,,,,HAS,,20260525,20260527,0,22,37,0,25,1548,0
CHI,,,,CHI,,20260527,20260528,0,0,25,2,37,1572,0
SWA,,,,SWA,,20260528,20260529,0,2,37,5,6,1589,0
VIS,,,,VIS,,20260529,20260530,0,5,6,7,49,1603,0
ANU,,,,ANU,,20260530,20260531,0,7,49,10,40,1611,0
JYE,,,,JYE,,20260531,20260601,0,10,40,13,37,1617,0
MUL,,,,MUL,,20260601,20260602,0,13,37,16,35,1618,0
PVS,,,,PVS,,20260602,20260603,0,16,35,19,28,1613,0
UAS,,,,UAS,,20260603,20260604,0,19,28,22,10,1602,0
SHR,,,,SHR,,20260604,20260606,0,22,10,0,32,1582,0
SVT,,,,SVT,,20260606,20260607,0,0,32,2,24,1552,0
STB,,,,STB,,20260607,20260608,0,2,24,3,38,1514,0
PPP,,,,PPP,,20260608,20260609,0,3,38,4,8,1470,0
UPP,,,,UPP,,20260609,20260610,0,4,8,3,50,1422,0
REV,,,,REV,,20260610,20260611,0,3,50,2,45,1375,0
ASH,,,,ASH,,20260611,20260612,0,2,45,0,57,1332,0
BHA,,,,BHA,,20260612,20260612,0,0,57,22,34,1297,0
KRU,,,,KRU,,20260612,20260613,0,22,34,19,45,1271,0
ROH,,,,ROH,,20260613,20260614,0,19,45,16,42,1257,0
MRU,,,,MRU,,20260614,20260615,0,16,42,13,37,1255,0
AAR,,,,AAR,,20260615,20260616,0,13,37,10,41,1264,0
PUN,,,,PUN,,20260616,20260617,0,10,41,8,5,1284,0
PUS,,,,PUS,,20260617,20260618,0,8,5,6,1,1316,0
ASR,,,,ASR,,20260618,20260619,0,6,1,4,35,1354,0
MAG,,,,MAG,,20260619,20260620,0,4,35,3,54,1399,0
PPH,,,,PPH,,20260620,20260621,0,3,54,4,0,1446,0
UPH,,,,UPH,,20260621,20260622,0,4,0,4,50,1490,0
HAS,,,,HAS,,20260622,20260623,0,4,50,6,22,1532,0
CHI,,,,CHI,,20260623,20260624,0,6,22,8,27,1565,0
SWA,,,,SWA,,20260624,20260625,0,8,27,10,57,1590,0
VIS,,,,VIS,,20260625,20260626,0,10,57,13,44,1607,0
ANU,,,,ANU,,20260626,20260627,0,13,44,16,39,1615,0
JYE,,,,JYE,,20260627,20260628,0,16,39,19,37,1618,0
MUL,,,,MUL,,20260628,20260629,0,19,37,22,32,1615,0
PVS,,,,PVS,,20260629,20260701,0,22,32,1,19,1607,0
UAS,,,,UAS,,20260701,20260702,0,1,19,3,55,1596,0
SHR,,,,SHR,,20260702,20260703,0,3,55,6,15,1580,0
SVT,,,,SVT,,20260703,20260704,0,6,15,8,12,1557,0
STB,,,,STB,,20260704,20260705,0,8,12,9,41,1529,0
PPP,,,,PPP,,20260705,20260706,0,9,41,10,36,1495,0
UPP,,,,UPP,,20260706,20260707,0,10,36,10,52,1456,0
REV,,,,REV,,20260707,20260708,0,10,52,10,28,1416,0
ASH,,,,ASH,,20260708,20260709,0,10,28,9,24,1376,0
BHA,,,,BHA,,20260709,20260710,0,9,24,7,43,1339,0
KRU,,,,KRU,,20260710,20260711,0,7,43,5,32,1309,0
ROH,,,,ROH,,20260711,20260712,0,5,32,2,57,1285,0
MRU,,,,MRU,,20260712,20260713,0,2,57,0,10,1273,0
AAR,,,,AAR,,20260713,20260713,0,0,10,21,20,1270,0
PUN,,,,PUN,,20260713,20260714,0,21,20,18,38,1278,0
PUS,,,,PUS,,20260714,20260715,0,18,38,16,15,1297,0
ASR,,,,ASR,,20260715,20260716,0,16,15,14,20,1325,0
MAG,,,,MAG,,20260716,20260717,0,14,20,13,3,1363,0
PPH,,,,PPH,,20260717,20260718,0,13,3,12,28,1405,0
UPH,,,,UPH,,20260718,20260719,0,12,28,12,40,1452,0
HAS,,,,HAS,,20260719,20260720,0,12,40,13,37,1497,0
CHI,,,,CHI,,20260720,20260721,0,13,37,15,17,1540,0
SWA,,,,SWA,,20260721,20260722,0,15,17,17,31,1574,0
VIS,,,,VIS,,20260722,20260723,0,17,31,20,10,1599,0
ANU,,,,ANU,,20260723,20260724,0,20,10,23,4,1614,0
JYE,,,,JYE,,20260724,20260726,0,23,4,2,2,1618,0
MUL,,,,MUL,,20260726,20260727,0,2,2,4,56,1614,0
PVS,,,,PVS,,20260727,20260728,0,4,56,7,39,1603,0
UAS,,,,UAS,,20260728,20260729,0,7,39,10,5,1586,0
SHR,,,,SHR,,20260729,20260730,0,10,5,12,11,1566,0
SVT,,,,SVT,,20260730,20260731,0,12,11,13,55,1544,0
STB,,,,STB,,20260731,20260801,0,13,55,15,13,1518,0
PPP,,,,PPP,,20260801,20260802,0,15,13,16,5,1492,0
UPP,,,,UPP,,20260802,20260803,0,16,5,16,28,1463,0
REV,,,,REV,,20260803,20260804,0,16,28,16,22,1434,0
ASH,,,,ASH,,20260804,20260805,0,16,22,15,46,1404,0
BHA,,,,BHA,,20260805,20260806,0,15,46,14,42,1376,0
KRU,,,,KRU,,20260806,20260807,0,14,42,13,11,1349,0
ROH,,,,ROH,,20260807,20260808,0,13,11,11,19,1328,0
MRU,,,,MRU,,20260808,20260809,0,11,19,9,11,1312,0
AAR,,,,AAR,,20260809,20260810,0,9,11,6,55,1304,0
PUN,,,,PUN,,20260810,20260811,0,6,55,4,37,1302,0
PUS,,,,PUS,,20260811,20260812,0,4,37,2,28,1311,0
ASR,,,,ASR,,20260812,20260813,0,2,28,0,34,1326,0
MAG,,,,MAG,,20260813,20260813,0,0,34,23,6,1352,0
PPH,,,,PPH,,20260813,20260814,0,23,6,22,10,1384,0
UPH,,,,UPH,,20260814,20260815,0,22,10,21,53,1423,0
HAS,,,,HAS,,20260815,20260816,0,21,53,22,18,1465,0
CHI,,,,CHI,,20260816,20260817,0,22,18,23,26,1508,0
SWA,,,,SWA,,20260817,20260819,0,23,26,1,14,1548,0
VIS,,,,VIS,,20260819,20260820,0,1,14,3,36,1582,0
ANU,,,,ANU,,20260820,20260821,0,3,36,6,20,1604,0
JYE,,,,JYE,,20260821,20260822,0,6,20,9,17,1617,0
MUL,,,,MUL,,20260822,20260823,0,9,17,12,12,1615,0
PVS,,,,PVS,,20260823,20260824,0,12,12,14,56,1604,0
UAS,,,,UAS,,20260824,20260825,0,14,56,17,19,1583,0
SHR,,,,SHR,,20260825,20260826,0,17,19,19,15,1556,0
SVT,,,,SVT,,20260826,20260827,0,19,15,20,43,1528,0
STB,,,,STB,,20260827,20260828,0,20,43,21,41,1498,0
PPP,,,,PPP,,20260828,20260829,0,21,41,22,10,1469,0
UPP,,,,UPP,,20260829,20260830,0,22,10,22,12,1442,0
REV,,,,REV,,20260830,20260831,0,22,12,21,51,1419,0
ASH,,,,ASH,,20260831,20260901,0,21,51,21,10,1399,0
BHA,,,,BHA,,20260901,20260902,0,21,10,20,11,1381,0
KRU,,,,KRU,,20260902,20260903,0,20,11,18,57,1366,0
ROH,,,,ROH,,20260903,20260904,0,18,57,17,32,1355,0
MRU,,,,MRU,,20260904,20260905,0,17,32,15,58,1346,0
AAR,,,,AAR,,20260905,20260906,0,15,58,14,20,1342,0
PUN,,,,PUN,,20260906,20260907,0,14,20,12,42,1342,0
PUS,,,,PUS,,20260907,20260908,0,12,42,11,7,1345,0
ASR,,,,ASR,,20260908,20260909,0,11,7,9,42,1355,0
MAG,,,,MAG,,20260909,20260910,0,9,42,8,32,1370,0
PPH,,,,PPH,,20260910,20260911,0,8,32,7,44,1392,0
UPH,,,,UPH,,20260911,20260912,0,7,44,7,23,1419,0
HAS,,,,HAS,,20260912,20260913,0,7,23,7,34,1451,0
CHI,,,,CHI,,20260913,20260914,0,7,34,8,23,1489,0
SWA,,,,SWA,,20260914,20260915,0,8,23,9,48,1525,0
VIS,,,,VIS,,20260915,20260916,0,9,48,11,50,1562,0
ANU,,,,ANU,,20260916,20260917,0,11,50,14,21,1591,0
JYE,,,,JYE,,20260917,20260918,0,14,21,17,12,1611,0
MUL,,,,MUL,,20260918,20260919,0,17,12,20,10,1618,0
PVS,,,,PVS,,20260919,20260920,0,20,10,23,2,1612,0
UAS,,,,UAS,,20260920,20260922,0,23,2,1,34,1592,0
SHR,,,,SHR,,20260922,20260923,0,1,34,3,36,1562,0
SVT,,,,SVT,,20260923,20260924,0,3,36,5,2,1526,0
STB,,,,STB,,20260924,20260925,0,5,2,5,50,1488,0
PPP,,,,PPP,,20260925,20260926,0,5,50,5,59,1449,0
UPP,,,,UPP,,20260926,20260927,0,5,59,5,36,1417,0
REV,,,,REV,,20260927,20260928,0,5,36,4,44,1388,0
ASH,,,,ASH,,20260928,20260929,0,4,44,3,31,1367,0
BHA,,,,BHA,,20260929,20260930,0,3,31,2,4,1353,0
KRU,,,,KRU,,20260930,20261001,0,2,4,0,30,1346,0
ROH,,,,ROH,,20261001,20261001,0,0,30,22,55,1345,0
MRU,,,,MRU,,20261001,20261002,0,22,55,21,23,1348,0
AAR,,,,AAR,,20261002,20261003,0,21,23,19,57,1354,0
PUN,,,,PUN,,20261003,20261004,0,19,57,18,41,1364,0
PUS,,,,PUS,,20261004,20261005,0,18,41,17,37,1376,0
ASR,,,,ASR,,20261005,20261006,0,17,37,16,45,1388,0
MAG,,,,MAG,,20261006,20261007,0,16,45,16,8,1403,0
PPH,,,,PPH,,20261007,20261008,0,16,8,15,48,1420,0
UPH,,,,UPH,,20261008,20261009,0,15,48,15,47,1439,0
HAS,,,,HAS,,20261009,20261010,0,15,47,16,10,1463,0
CHI,,,,CHI,,20261010,20261011,0,16,10,17,0,1490,0
SWA,,,,SWA,,20261011,20261012,0,17,0,18,19,1519,0
VIS,,,,VIS,,20261012,20261013,0,18,19,20,10,1551,0
ANU,,,,ANU,,20261013,20261014,0,20,10,22,30,1580,0
JYE,,,,JYE,,20261014,20261016,0,22,30,1,15,1605,0
MUL,,,,MUL,,20261016,20261017,0,1,15,4,14,1619,0
PVS,,,,PVS,,20261017,20261018,0,4,14,7,16,1622,0
UAS,,,,UAS,,20261018,20261019,0,7,16,10,6,1610,0
SHR,,,,SHR,,20261019,20261020,0,10,6,12,29,1583,0
SVT,,,,SVT,,20261020,20261021,0,12,29,14,15,1546,0
STB,,,,STB,,20261021,20261022,0,14,15,15,16,1501,0
PPP,,,,PPP,,20261022,20261023,0,15,16,15,30,1454,0
UPP,,,,UPP,,20261023,20261024,0,15,30,15,0,1410,0
REV,,,,REV,,20261024,20261025,0,15,0,13,50,1370,0
ASH,,,,ASH,,20261025,20261026,0,13,50,12,9,1339,0
BHA,,,,BHA,,20261026,20261027,0,12,9,10,7,1318,0
KRU,,,,KRU,,20261027,20261028,0,10,7,7,54,1307,0
ROH,,,,ROH,,20261028,20261029,0,7,54,5,39,1305,0
MRU,,,,MRU,,20261029,20261030,0,5,39,3,32,1313,0
AAR,,,,AAR,,20261030,20261031,0,3,32,1,40,1328,0
PUN,,,,PUN,,20261031,20261101,0,1,40,0,7,1347,0
PUS,,,,PUS,,20261101,20261101,0,0,7,22,58,1371,0
ASR,,,,ASR,,20261101,20261102,0,22,58,22,14,1396,0
MAG,,,,MAG,,20261102,20261103,0,22,14,21,54,1420,0
PPH,,,,PPH,,20261103,20261104,0,21,54,21,58,1444,0
UPH,,,,UPH,,20261104,20261105,0,21,58,22,23,1465,0
HAS,,,,HAS,,20261105,20261106,0,22,23,23,11,1488,0
CHI,,,,CHI,,20261106,20261108,0,23,11,0,20,1509,0
SWA,,,,SWA,,20261108,20261109,0,0,20,1,51,1531,0
VIS,,,,VIS,,20261109,20261110,0,1,51,3,46,1555,0
ANU,,,,ANU,,20261110,20261111,0,3,46,6,5,1579,0
JYE,,,,JYE,,20261111,20261112,0,6,5,8,46,1601,0
MUL,,,,MUL,,20261112,20261113,0,8,46,11,44,1618,0
PVS,,,,PVS,,20261113,20261114,0,11,44,14,52,1628,0
UAS,,,,UAS,,20261114,20261115,0,14,52,17,56,1624,0
SHR,,,,SHR,,20261115,20261116,0,17,56,20,44,1608,0
SVT,,,,SVT,,20261116,20261117,0,20,44,23,2,1578,0
STB,,,,STB,,20261117,20261119,0,23,2,0,38,1536,0
PPP,,,,PPP,,20261119,20261120,0,0,38,1,24,1486,0
UPP,,,,UPP,,20261120,20261121,0,1,24,1,18,1434,0
REV,,,,REV,,20261121,20261122,0,1,18,0,23,1385,0
ASH,,,,ASH,,20261122,20261122,0,0,23,22,43,1340,0
BHA,,,,BHA,,20261122,20261123,0,22,43,20,30,1307,0
KRU,,,,KRU,,20261123,20261124,0,20,30,17,53,1283,0
ROH,,,,ROH,,20261124,20261125,0,17,53,15,4,1271,0
MRU,,,,MRU,,20261125,20261126,0,15,4,12,15,1271,0
AAR,,,,AAR,,20261126,20261127,0,12,15,9,36,1281,0
PUN,,,,PUN,,20261127,20261128,0,9,36,7,18,1302,0
PUS,,,,PUS,,20261128,20261129,0,7,18,5,27,1329,0
ASR,,,,ASR,,20261129,20261130,0,5,27,4,10,1363,0
MAG,,,,MAG,,20261130,20261201,0,4,10,3,28,1398,0
PPH,,,,PPH,,20261201,20261202,0,3,28,3,23,1435,0
UPH,,,,UPH,,20261202,20261203,0,3,23,3,51,1468,0
HAS,,,,HAS,,20261203,20261204,0,3,51,4,50,1499,0
CHI,,,,CHI,,20261204,20261205,0,4,50,6,16,1526,0
SWA,,,,SWA,,20261205,20261206,0,6,16,8,6,1550,0
VIS,,,,VIS,,20261206,20261207,0,8,6,10,16,1570,0
ANU,,,,ANU,,20261207,20261208,0,10,16,12,44,1588,0
JYE,,,,JYE,,20261208,20261209,0,12,44,15,28,1604,0
MUL,,,,MUL,,20261209,20261210,0,15,28,18,26,1618,0
PVS,,,,PVS,,20261210,20261211,0,18,26,21,32,1626,0
UAS,,,,UAS,,20261211,20261213,0,21,32,0,40,1628,0
SHR,,,,SHR,,20261213,20261214,0,0,40,3,40,1620,0
SVT,,,,SVT,,20261214,20261215,0,3,40,6,20,1600,0
STB,,,,STB,,20261215,20261216,0,6,20,8,30,1570,0
PPP,,,,PPP,,20261216,20261217,0,8,30,9,58,1528,0
UPP,,,,UPP,,20261217,20261218,0,9,58,10,38,1480,0
REV,,,,REV,,20261218,20261219,0,10,38,10,26,1428,0
ASH,,,,ASH,,20261219,20261220,0,10,26,9,24,1378,0
BHA,,,,BHA,,20261220,20261221,0,9,24,7,37,1333,0
KRU,,,,KRU,,20261221,20261222,0,7,37,5,14,1297,0
ROH,,,,ROH,,20261222,20261223,0,5,14,2,25,1271,0
MRU,,,,MRU,,20261223,20261223,0,2,25,23,21,1256,0
AAR,,,,AAR,,20261223,20261224,0,23,21,20,15,1254,0
PUN,,,,PUN,,20261224,20261225,0,20,15,17,18,1263,0
PUS,,,,PUS,,20261225,20261226,0,17,18,14,41,1283,0
ASR,,,,ASR,,20261226,20261227,0,14,41,12,33,1312,0
MAG,,,,MAG,,20261227,20261228,0,12,33,11,1,1348,0
PPH,,,,PPH,,20261228,20261229,0,11,1,10,11,1390,0
UPH,,,,UPH,,20261229,20261230,0,10,11,10,5,1434,0
HAS,,,,HAS,,20261230,20261231,0,10,5,10,41,1476,0
CHI,,,,CHI,,20261231,20270101,0,10,41,11,57,1516,0
SWA,,,,SWA,,20270101,20270102,0,11,57,13,47,1550,0
VIS,,,,VIS,,20270102,20270103,0,13,47,16,5,1578,0
ANU,,,,ANU,,20270103,20270104,0,16,5,18,43,1598,0
JYE,,,,JYE,,20270104,20270105,0,18,43,21,35,1612,0
MUL,,,,MUL,,20270105,20270107,0,21,35,0,36,1621,0
PVS,,,,PVS,,20270107,20270108,0,0,36,3,41,1625,0
UAS,,,,UAS,,20270108,20270109,0,3,41,6,44,1623,0
SHR,,,,SHR,,20270109,20270110,0,6,44,9,40,1616,0
SVT,,,,SVT,,20270110,20270111,0,9,40,12,21,1601,0
STB,,,,STB,,20270111,20270112,0,12,21,14,42,1581,0
PPP,,,,PPP,,20270112,20270113,0,14,42,16,32,1550,0
UPP,,,,UPP,,20270113,20270114,0,16,32,17,47,1515,0
REV,,,,REV,,20270114,20270115,0,17,47,18,19,1472,0
ASH,,,,ASH,,20270115,20270116,0,18,19,18,7,1428,0
BHA,,,,BHA,,20270116,20270117,0,18,7,17,10,1383,0
KRU,,,,KRU,,20270117,20270118,0,17,10,15,34,1344,0
ROH,,,,ROH,,20270118,20270119,0,15,34,13,23,1309,0
MRU,,,,MRU,,20270119,20270120,0,13,23,10,45,1282,0
AAR,,,,AAR,,20270120,20270121,0,10,45,7,52,1267,0
PUN,,,,PUN,,20270121,20270122,0,7,52,4,53,1261,0
PUS,,,,PUS,,20270122,20270123,0,4,53,2,0,1267,0
ASR,,,,ASR,,20270123,20270123,0,2,0,23,22,1282,0
MAG,,,,MAG,,20270123,20270124,0,23,22,21,9,1307,0
PPH,,,,PPH,,20270124,20270125,0,21,9,19,31,1342,0
UPH,,,,UPH,,20270125,20270126,0,19,31,18,35,1384,0
HAS,,,,HAS,,20270126,20270127,0,18,35,18,24,1429,0
CHI,,,,CHI,,20270127,20270128,0,18,24,19,1,1477,0
SWA,,,,SWA,,20270128,20270129,0,19,1,20,22,1521,0
VIS,,,,VIS,,20270129,20270130,0,20,22,22,24,1562,0
ANU,,,,ANU,,20270130,20270201,0,22,24,0,56,1592,0
JYE,,,,JYE,,20270201,20270202,0,0,56,3,50,1614,0
MUL,,,,MUL,,20270202,20270203,0,3,50,6,54,1624,0
PVS,,,,PVS,,20270203,20270204,0,6,54,10,0,1626,0
UAS,,,,UAS,,20270204,20270205,0,10,0,13,0,1620,0
SHR,,,,SHR,,20270205,20270206,0,13,0,15,47,1607,0
SVT,,,,SVT,,20270206,20270207,0,15,47,18,17,1590,0
STB,,,,STB,,20270207,20270208,0,18,17,20,25,1568,0
PPP,,,,PPP,,20270208,20270209,0,20,25,22,8,1543,0
UPP,,,,UPP,,20270209,20270210,0,22,8,23,24,1516,0
REV,,,,REV,,20270210,20270212,0,23,24,0,10,1486,0
ASH,,,,ASH,,20270212,20270213,0,0,10,0,24,1454,0
BHA,,,,BHA,,20270213,20270214,0,0,24,0,6,1422,0
KRU,,,,KRU,,20270214,20270214,0,0,6,23,15,1389,0
ROH,,,,ROH,,20270214,20270215,0,23,15,21,54,1359,0
MRU,,,,MRU,,20270215,20270216,0,21,54,20,6,1332,0
AAR,,,,AAR,,20270216,20270217,0,20,6,17,58,1312,0
PUN,,,,PUN,,20270217,20270218,0,17,58,15,34,1296,0
PUS,,,,PUS,,20270218,20270219,0,15,34,13,4,1290,0
ASR,,,,ASR,,20270219,20270220,0,13,4,10,36,1292,0
MAG,,,,MAG,,20270220,20270221,0,10,36,8,19,1303,0
PPH,,,,PPH,,20270221,20270222,0,8,19,6,23,1324,0
UPH,,,,UPH,,20270222,20270223,0,6,23,4,57,1354,0
HAS,,,,HAS,,20270223,20270224,0,4,57,4,7,1390,0
CHI,,,,CHI,,20270224,20270225,0,4,7,4,1,1434,0
SWA,,,,SWA,,20270225,20270226,0,4,1,4,42,1481,0
VIS,,,,VIS,,20270226,20270227,0,4,42,6,8,1526,0
ANU,,,,ANU,,20270227,20270228,0,6,8,8,16,1568,0
JYE,,,,JYE,,20270228,20270301,0,8,16,10,55,1599,0
MUL,,,,MUL,,20270301,20270302,0,10,55,13,56,1621,0
PVS,,,,PVS,,20270302,20270303,0,13,56,17,3,1627,0
UAS,,,,UAS,,20270303,20270304,0,17,3,20,4,1621,0
SHR,,,,SHR,,20270304,20270305,0,20,4,22,49,1605,0
SVT,,,,SVT,,20270305,20270307,0,22,49,1,10,1581,0
STB,,,,STB,,20270307,20270308,0,1,10,3,3,1553,0
PPP,,,,PPP,,20270308,20270309,0,3,3,4,27,1524,0
UPP,,,,UPP,,20270309,20270310,0,4,27,5,21,1494,0
REV,,,,REV,,20270310,20270311,0,5,21,5,48,1467,0
ASH,,,,ASH,,20270311,20270312,0,5,48,5,51,1443,0
BHA,,,,BHA,,20270312,20270313,0,5,51,5,32,1421,0
KRU,,,,KRU,,20270313,20270314,0,5,32,4,52,1400,0
ROH,,,,ROH,,20270314,20270315,0,4,52,3,55,1383,0
MRU,,,,MRU,,20270315,20270316,0,3,55,2,42,1367,0
AAR,,,,AAR,,20270316,20270317,0,2,42,1,14,1352,0
PUN,,,,PUN,,20270317,20270317,0,1,14,23,36,1342,0
PUS,,,,PUS,,20270317,20270318,0,23,36,21,50,1334,0
ASR,,,,ASR,,20270318,20270319,0,21,50,20,0,1330,0
MAG,,,,MAG,,20270319,20270320,0,20,0,18,13,1333,0
PPH,,,,PPH,,20270320,20270321,0,18,13,16,36,1343,0
UPH,,,,UPH,,20270321,20270322,0,16,36,15,15,1359,0
HAS,,,,HAS,,20270322,20270323,0,15,15,14,18,1383,0
CHI,,,,CHI,,20270323,20270324,0,14,18,13,54,1416,0
SWA,,,,SWA,,20270324,20270325,0,13,54,14,8,1454,0
VIS,,,,VIS,,20270325,20270326,0,14,8,15,5,1497,0
ANU,,,,ANU,,20270326,20270327,0,15,5,16,43,1538,0
JYE,,,,JYE,,20270327,20270328,0,16,43,19,0,1577,0
MUL,,,,MUL,,20270328,20270329,0,19,0,21,47,1607,0
PVS,,,,PVS,,20270329,20270331,0,21,47,0,50,1623,0
UAS,,,,UAS,,20270331,20270401,0,0,50,3,54,1624,0
SHR,,,,SHR,,20270401,20270402,0,3,54,6,45,1611,0
SVT,,,,SVT,,20270402,20270403,0,6,45,9,10,1585,0
STB,,,,STB,,20270403,20270404,0,9,10,11,2,1552,0
PPP,,,,PPP,,20270404,20270405,0,11,2,12,15,1513,0
UPP,,,,UPP,,20270405,20270406,0,12,15,12,52,1477,0
REV,,,,REV,,20270406,20270407,0,12,52,12,54,1442,0
ASH,,,,ASH,,20270407,20270408,0,12,54,12,28,1414,0
BHA,,,,BHA,,20270408,20270409,0,12,28,11,40,1392,0
KRU,,,,KRU,,20270409,20270410,0,11,40,10,36,1376,0
ROH,,,,ROH,,20270410,20270411,0,10,36,9,22,1366,0
MRU,,,,MRU,,20270411,20270412,0,9,22,8,3,1361,0
AAR,,,,AAR,,20270412,20270413,0,8,3,6,42,1359,0
PUN,,,,PUN,,20270413,20270414,0,6,42,5,21,1359,0
PUS,,,,PUS,,20270414,20270415,0,5,21,4,2,1361,0
ASR,,,,ASR,,20270415,20270416,0,4,2,2,47,1365,0
MAG,,,,MAG,,20270416,20270417,0,2,47,1,37,1370,0
PPH,,,,PPH,,20270417,20270418,0,1,37,0,34,1377,0
UPH,,,,UPH,,20270418,20270418,0,0,34,23,44,1390,0
HAS,,,,HAS,,20270418,20270419,0,23,44,23,9,1405,0
CHI,,,,CHI,,20270419,20270420,0,23,9,22,57,1428,0
SWA,,,,SWA,,20270420,20270421,0,22,57,23,13,1456,0
VIS,,,,VIS,,20270421,20270423,0,23,13,0,1,1488,0
ANU,,,,ANU,,20270423,20270424,0,0,1,1,25,1524,0
JYE,,,,JYE,,20270424,20270425,0,1,25,3,26,1561,0
MUL,,,,MUL,,20270425,20270426,0,3,26,5,58,1592,0
PVS,,,,PVS,,20270426,20270427,0,5,58,8,54,1616,0
UAS,,,,UAS,,20270427,20270428,0,8,54,11,59,1625,0
SHR,,,,SHR,,20270428,20270429,0,11,59,14,59,1620,0
SVT,,,,SVT,,20270429,20270430,0,14,59,17,39,1600,0
STB,,,,STB,,20270430,20270501,0,17,39,19,45,1566,0
PPP,,,,PPP,,20270501,20270502,0,19,45,21,9,1524,0
UPP,,,,UPP,,20270502,20270503,0,21,9,21,48,1479,0
REV,,,,REV,,20270503,20270504,0,21,48,21,43,1435,0
ASH,,,,ASH,,20270504,20270505,0,21,43,21,0,1397,0
BHA,,,,BHA,,20270505,20270506,0,21,0,19,47,1367,0
KRU,,,,KRU,,20270506,20270507,0,19,47,18,11,1344,0
ROH,,,,ROH,,20270507,20270508,0,18,11,16,22,1331,0
MRU,,,,MRU,,20270508,20270509,0,16,22,14,28,1326,0
AAR,,,,AAR,,20270509,20270510,0,14,28,12,37,1329,0
PUN,,,,PUN,,20270510,20270511,0,12,37,10,54,1337,0
PUS,,,,PUS,,20270511,20270512,0,10,54,9,24,1350,0
ASR,,,,ASR,,20270512,20270513,0,9,24,8,9,1365,0
MAG,,,,MAG,,20270513,20270514,0,8,9,7,11,1382,0
PPH,,,,PPH,,20270514,20270515,0,7,11,6,29,1398,0
UPH,,,,UPH,,20270515,20270516,0,6,29,6,4,1415,0
HAS,,,,HAS,,20270516,20270517,0,6,4,5,58,1434,0
CHI,,,,CHI,,20270517,20270518,0,5,58,6,11,1453,0
SWA,,,,SWA,,20270518,20270519,0,6,11,6,48,1477,0
VIS,,,,VIS,,20270519,20270520,0,6,48,7,49,1501,0
ANU,,,,ANU,,20270520,20270521,0,7,49,9,19,1530,0
JYE,,,,JYE,,20270521,20270522,0,9,19,11,19,1560,0
MUL,,,,MUL,,20270522,20270523,0,11,19,13,46,1587,0
PVS,,,,PVS,,20270523,20270524,0,13,46,16,36,1610,0
UAS,,,,UAS,,20270524,20270525,0,16,36,19,41,1625,0
SHR,,,,SHR,,20270525,20270526,0,19,41,22,48,1627,0
SVT,,,,SVT,,20270526,20270528,0,22,48,1,43,1615,0
STB,,,,STB,,20270528,20270529,0,1,43,4,11,1588,0
PPP,,,,PPP,,20270529,20270530,0,4,11,6,1,1550,0
UPP,,,,UPP,,20270530,20270531,0,6,1,7,4,1503,0
REV,,,,REV,,20270531,20270601,0,7,4,7,18,1454,0
ASH,,,,ASH,,20270601,20270602,0,7,18,6,45,1407,0
BHA,,,,BHA,,20270602,20270603,0,6,45,5,30,1365,0
KRU,,,,KRU,,20270603,20270604,0,5,30,3,42,1332,0
ROH,,,,ROH,,20270604,20270605,0,3,42,1,31,1309,0
MRU,,,,MRU,,20270605,20270605,0,1,31,23,5,1294,0
AAR,,,,AAR,,20270605,20270606,0,23,5,20,37,1292,0
PUN,,,,PUN,,20270606,20270607,0,20,37,18,14,1297,0
PUS,,,,PUS,,20270607,20270608,0,18,14,16,5,1311,0
ASR,,,,ASR,,20270608,20270609,0,16,5,14,17,1332,0
MAG,,,,MAG,,20270609,20270610,0,14,17,12,52,1355,0
PPH,,,,PPH,,20270610,20270611,0,12,52,11,56,1384,0
UPH,,,,UPH,,20270611,20270612,0,11,56,11,28,1412,0
HAS,,,,HAS,,20270612,20270613,0,11,28,11,28,1440,0
CHI,,,,CHI,,20270613,20270614,0,11,28,11,56,1468,0
SWA,,,,SWA,,20270614,20270615,0,11,56,12,51,1495,0
VIS,,,,VIS,,20270615,20270616,0,12,51,14,12,1521,0
ANU,,,,ANU,,20270616,20270617,0,14,12,15,58,1546,0
JYE,,,,JYE,,20270617,20270618,0,15,58,18,9,1571,0
MUL,,,,MUL,,20270618,20270619,0,18,9,20,41,1592,0
PVS,,,,PVS,,20270619,20270620,0,20,41,23,32,1611,0
UAS,,,,UAS,,20270620,20270622,0,23,32,2,36,1624,0
SHR,,,,SHR,,20270622,20270623,0,2,36,5,46,1630,0
SVT,,,,SVT,,20270623,20270624,0,5,46,8,49,1623,0
STB,,,,STB,,20270624,20270625,0,8,49,11,35,1606,0
PPP,,,,PPP,,20270625,20270626,0,11,35,13,51,1576,0
UPP,,,,UPP,,20270626,20270627,0,13,51,15,27,1536,0
REV,,,,REV,,20270627,20270628,0,15,27,16,17,1490,0
ASH,,,,ASH,,20270628,20270629,0,16,17,16,17,1440,0
BHA,,,,BHA,,20270629,20270630,0,16,17,15,29,1392,0
KRU,,,,KRU,,20270630,20270701,0,15,29,13,59,1350,0
ROH,,,,ROH,,20270701,20270702,0,13,59,11,55,1316,0
MRU,,,,MRU,,20270702,20270703,0,11,55,9,24,1289,0
AAR,,,,AAR,,20270703,20270704,0,9,24,6,38,1274,0
PUN,,,,PUN,,20270704,20270705,0,6,38,3,48,1270,0
PUS,,,,PUS,,20270705,20270706,0,3,48,1,2,1274,0
ASR,,,,ASR,,20270706,20270706,0,1,2,22,32,1290,0
MAG,,,,MAG,,20270706,20270707,0,22,32,20,24,1312,0
PPH,,,,PPH,,20270707,20270708,0,20,24,18,47,1343,0
UPH,,,,UPH,,20270708,20270709,0,18,47,17,44,1377,0
HAS,,,,HAS,,20270709,20270710,0,17,44,17,19,1415,0
CHI,,,,CHI,,20270710,20270711,0,17,19,17,33,1454,0
SWA,,,,SWA,,20270711,20270712,0,17,33,18,24,1491,0
VIS,,,,VIS,,20270712,20270713,0,18,24,19,50,1526,0
ANU,,,,ANU,,20270713,20270714,0,19,50,21,46,1556,0
JYE,,,,JYE,,20270714,20270716,0,21,46,0,8,1582,0
MUL,,,,MUL,,20270716,20270717,0,0,8,2,49,1601,0
PVS,,,,PVS,,20270717,20270718,0,2,49,5,46,1617,0
UAS,,,,UAS,,20270718,20270719,0,5,46,8,51,1625,0
SHR,,,,SHR,,20270719,20270720,0,8,51,11,59,1628,0
SVT,,,,SVT,,20270720,20270721,0,11,59,15,2,1623,0
STB,,,,STB,,20270721,20270722,0,15,2,17,53,1611,0
PPP,,,,PPP,,20270722,20270723,0,17,53,20,21,1588,0
UPP,,,,UPP,,20270723,20270724,0,20,21,22,20,1559,0
REV,,,,REV,,20270724,20270725,0,22,20,23,42,1522,0
ASH,,,,ASH,,20270725,20270727,0,23,42,0,21,1479,0
BHA,,,,BHA,,20270727,20270728,0,0,21,0,15,1434,0
KRU,,,,KRU,,20270728,20270728,0,0,15,23,26,1391,0
ROH,,,,ROH,,20270728,20270729,0,23,26,21,56,1350,0
MRU,,,,MRU,,20270729,20270730,0,21,56,19,52,1316,0
AAR,,,,AAR,,20270730,20270731,0,19,52,17,21,1289,0
PUN,,,,PUN,,20270731,20270801,0,17,21,14,33,1272,0
PUS,,,,PUS,,20270801,20270802,0,14,33,11,37,1264,0
ASR,,,,ASR,,20270802,20270803,0,11,37,8,45,1268,0
MAG,,,,MAG,,20270803,20270804,0,8,45,6,5,1280,0
PPH,,,,PPH,,20270804,20270805,0,6,5,3,47,1302,0
UPH,,,,UPH,,20270805,20270806,0,3,47,2,1,1334,0
HAS,,,,HAS,,20270806,20270807,0,2,1,0,53,1372,0
CHI,,,,CHI,,20270807,20270808,0,0,53,0,29,1416,0
SWA,,,,SWA,,20270808,20270809,0,0,29,0,50,1461,0
VIS,,,,VIS,,20270809,20270810,0,0,50,1,55,1505,0
ANU,,,,ANU,,20270810,20270811,0,1,55,3,42,1547,0
JYE,,,,JYE,,20270811,20270812,0,3,42,6,2,1580,0
MUL,,,,MUL,,20270812,20270813,0,6,2,8,47,1605,0
PVS,,,,PVS,,20270813,20270814,0,8,47,11,48,1621,0
UAS,,,,UAS,,20270814,20270815,0,11,48,14,56,1628,0
SHR,,,,SHR,,20270815,20270816,0,14,56,18,2,1626,0
SVT,,,,SVT,,20270816,20270817,0,18,2,20,59,1617,0
STB,,,,STB,,20270817,20270818,0,20,59,23,43,1604,0
PPP,,,,PPP,,20270818,20270820,0,23,43,2,7,1584,0
UPP,,,,UPP,,20270820,20270821,0,2,7,4,7,1560,0
REV,,,,REV,,20270821,20270822,0,4,7,5,39,1532,0
ASH,,,,ASH,,20270822,20270823,0,5,39,6,39,1500,0
BHA,,,,BHA,,20270823,20270824,0,6,39,7,5,1466,0
KRU,,,,KRU,,20270824,20270825,0,7,5,6,56,1431,0
ROH,,,,ROH,,20270825,20270826,0,6,56,6,10,1394,0
MRU,,,,MRU,,20270826,20270827,0,6,10,4,50,1360,0
AAR,,,,AAR,,20270827,20270828,0,4,50,3,0,1330,0
PUN,,,,PUN,,20270828,20270829,0,3,0,0,45,1305,0
PUS,,,,PUS,,20270829,20270829,0,0,45,22,13,1288,0
ASR,,,,ASR,,20270829,20270830,0,22,13,19,31,1278,0
MAG,,,,MAG,,20270830,20270831,0,19,31,16,48,1277,0
PPH,,,,PPH,,20270831,20270901,0,16,48,14,16,1288,0
UPH,,,,UPH,,20270901,20270902,0,14,16,12,4,1308,0
HAS,,,,HAS,,20270902,20270903,0,12,4,10,21,1337,0
CHI,,,,CHI,,20270903,20270904,0,10,21,9,17,1376,0
SWA,,,,SWA,,20270904,20270905,0,9,17,8,58,1421,0
VIS,,,,VIS,,20270905,20270906,0,8,58,9,27,1469,0
ANU,,,,ANU,,20270906,20270907,0,9,27,10,44,1517,0
JYE,,,,JYE,,20270907,20270908,0,10,44,12,44,1560,0
MUL,,,,MUL,,20270908,20270909,0,12,44,15,19,1595,0
PVS,,,,PVS,,20270909,20270910,0,15,19,18,18,1619,0
UAS,,,,UAS,,20270910,20270911,0,18,18,21,26,1628,0
SHR,,,,SHR,,20270911,20270913,0,21,26,0,32,1626,0
SVT,,,,SVT,,20270913,20270914,0,0,32,3,26,1614,0
STB,,,,STB,,20270914,20270915,0,3,26,6,0,1594,0
PPP,,,,PPP,,20270915,20270916,0,6,0,8,11,1571,0
UPP,,,,UPP,,20270916,20270917,0,8,11,9,56,1545,0
REV,,,,REV,,20270917,20270918,0,9,56,11,15,1519,0
ASH,,,,ASH,,20270918,20270919,0,11,15,12,8,1493,0
BHA,,,,BHA,,20270919,20270920,0,12,8,12,37,1469,0
KRU,,,,KRU,,20270920,20270921,0,12,37,12,40,1443,0
ROH,,,,ROH,,20270921,20270922,0,12,40,12,19,1419,0
MRU,,,,MRU,,20270922,20270923,0,12,19,11,34,1395,0
AAR,,,,AAR,,20270923,20270924,0,11,34,10,26,1372,0
PUN,,,,PUN,,20270924,20270925,0,10,26,8,55,1349,0
PUS,,,,PUS,,20270925,20270926,0,8,55,7,6,1331,0
ASR,,,,ASR,,20270926,20270927,0,7,6,5,1,1315,0
MAG,,,,MAG,,20270927,20270928,0,5,1,2,48,1307,0
PPH,,,,PPH,,20270928,20270929,0,2,48,0,34,1306,0
UPH,,,,UPH,,20270929,20270929,0,0,34,22,28,1314,0
HAS,,,,HAS,,20270929,20270930,0,22,28,20,39,1331,0
CHI,,,,CHI,,20270930,20271001,0,20,39,19,17,1358,0
SWA,,,,SWA,,20271001,20271002,0,19,17,18,31,1394,0
VIS,,,,VIS,,20271002,20271003,0,18,31,18,27,1436,0
ANU,,,,ANU,,20271003,20271004,0,18,27,19,11,1484,0
JYE,,,,JYE,,20271004,20271005,0,19,11,20,42,1531,0
MUL,,,,MUL,,20271005,20271006,0,20,42,22,56,1574,0
PVS,,,,PVS,,20271006,20271008,0,22,56,1,41,1605,0
UAS,,,,UAS,,20271008,20271009,0,1,41,4,45,1624,0
SHR,,,,SHR,,20271009,20271010,0,4,45,7,53,1628,0
SVT,,,,SVT,,20271010,20271011,0,7,53,10,49,1616,0
STB,,,,STB,,20271011,20271012,0,10,49,13,23,1594,0
PPP,,,,PPP,,20271012,20271013,0,13,23,15,27,1564,0
UPP,,,,UPP,,20271013,20271014,0,15,27,16,58,1531,0
REV,,,,REV,,20271014,20271015,0,16,58,17,57,1499,0
ASH,,,,ASH,,20271015,20271016,0,17,57,18,26,1469,0
BHA,,,,BHA,,20271016,20271017,0,18,26,18,31,1445,0
KRU,,,,KRU,,20271017,20271018,0,18,31,18,15,1424,0
ROH,,,,ROH,,20271018,20271019,0,18,15,17,43,1408,0
MRU,,,,MRU,,20271019,20271020,0,17,43,16,57,1394,0
AAR,,,,AAR,,20271020,20271021,0,16,57,16,0,1383,0
PUN,,,,PUN,,20271021,20271022,0,16,0,14,52,1372,0
PUS,,,,PUS,,20271022,20271023,0,14,52,13,35,1363,0
ASR,,,,ASR,,20271023,20271024,0,13,35,12,9,1354,0
MAG,,,,MAG,,20271024,20271025,0,12,9,10,37,1348,0
PPH,,,,PPH,,20271025,20271026,0,10,37,9,2,1345,0
UPH,,,,UPH,,20271026,20271027,0,9,2,7,28,1346,0
HAS,,,,HAS,,20271027,20271028,0,7,28,6,4,1356,0
CHI,,,,CHI,,20271028,20271029,0,6,4,4,55,1371,0
SWA,,,,SWA,,20271029,20271030,0,4,55,4,11,1396,0
VIS,,,,VIS,,20271030,20271031,0,4,11,3,59,1428,0
ANU,,,,ANU,,20271031,20271101,0,3,59,4,25,1466,0
JYE,,,,JYE,,20271101,20271102,0,4,25,5,34,1509,0
MUL,,,,MUL,,20271102,20271103,0,5,34,7,25,1551,0
PVS,,,,PVS,,20271103,20271104,0,7,25,9,52,1587,0
UAS,,,,UAS,,20271104,20271105,0,9,52,12,47,1615,0
SHR,,,,SHR,,20271105,20271106,0,12,47,15,54,1627,0
SVT,,,,SVT,,20271106,20271107,0,15,54,18,57,1623,0
STB,,,,STB,,20271107,20271108,0,18,57,21,41,1604,0
PPP,,,,PPP,,20271108,20271109,0,21,41,23,54,1573,0
UPP,,,,UPP,,20271109,20271111,0,23,54,1,29,1535,0
REV,,,,REV,,20271111,20271112,0,1,29,2,23,1494,0
ASH,,,,ASH,,20271112,20271113,0,2,23,2,38,1455,0
BHA,,,,BHA,,20271113,20271114,0,2,38,2,19,1421,0
KRU,,,,KRU,,20271114,20271115,0,2,19,1,34,1395,0
ROH,,,,ROH,,20271115,20271116,0,1,34,0,28,1374,0
MRU,,,,MRU,,20271116,20271116,0,0,28,23,10,1362,0
AAR,,,,AAR,,20271116,20271117,0,23,10,21,46,1356,0
PUN,,,,PUN,,20271117,20271118,0,21,46,20,20,1354,0
PUS,,,,PUS,,20271118,20271119,0,20,20,18,55,1355,0
ASR,,,,ASR,,20271119,20271120,0,18,55,17,35,1360,0
MAG,,,,MAG,,20271120,20271121,0,17,35,16,20,1365,0
PPH,,,,PPH,,20271121,20271122,0,16,20,15,11,1371,0
UPH,,,,UPH,,20271122,20271123,0,15,11,14,11,1380,0
HAS,,,,HAS,,20271123,20271124,0,14,11,13,21,1390,0
CHI,,,,CHI,,20271124,20271125,0,13,21,12,45,1404,0
SWA,,,,SWA,,20271125,20271126,0,12,45,12,27,1422,0
VIS,,,,VIS,,20271126,20271127,0,12,27,12,33,1446,0
ANU,,,,ANU,,20271127,20271128,0,12,33,13,8,1475,0
JYE,,,,JYE,,20271128,20271129,0,13,8,14,15,1507,0
MUL,,,,MUL,,20271129,20271130,0,14,15,15,57,1542,0
PVS,,,,PVS,,20271130,20271201,0,15,57,18,13,1576,0
UAS,,,,UAS,,20271201,20271202,0,18,13,20,57,1604,0
SHR,,,,SHR,,20271202,20271204,0,20,57,0,0,1623,0
SVT,,,,SVT,,20271204,20271205,0,0,0,3,9,1629,0
STB,,,,STB,,20271205,20271206,0,3,9,6,8,1619,0
PPP,,,,PPP,,20271206,20271207,0,6,8,8,42,1594,0
UPP,,,,UPP,,20271207,20271208,0,8,42,10,40,1558,0
REV,,,,REV,,20271208,20271209,0,10,40,11,55,1515,0
ASH,,,,ASH,,20271209,20271210,0,11,55,12,22,1467,0
BHA,,,,BHA,,20271210,20271211,0,12,22,12,6,1424,0
KRU,,,,KRU,,20271211,20271212,0,12,6,11,10,1384,0
ROH,,,,ROH,,20271212,20271213,0,11,10,9,43,1353,0
MRU,,,,MRU,,20271213,20271214,0,9,43,7,53,1330,0
AAR,,,,AAR,,20271214,20271215,0,7,53,5,49,1316,0
PUN,,,,PUN,,20271215,20271216,0,5,49,3,41,1312,0
PUS,,,,PUS,,20271216,20271217,0,3,41,1,35,1314,0
ASR,,,,ASR,,20271217,20271217,0,1,35,23,39,1324,0
MAG,,,,MAG,,20271217,20271218,0,23,39,21,58,1339,0
PPH,,,,PPH,,20271218,20271219,0,21,58,20,35,1357,0
UPH,,,,UPH,,20271219,20271220,0,20,35,19,33,1378,0
HAS,,,,HAS,,20271220,20271221,0,19,33,18,53,1400,0
CHI,,,,CHI,,20271221,20271222,0,18,53,18,37,1424,0
SWA,,,,SWA,,20271222,20271223,0,18,37,18,45,1448,0
VIS,,,,VIS,,20271223,20271224,0,18,45,19,18,1473,0
ANU,,,,ANU,,20271224,20271225,0,19,18,20,17,1499,0
JYE,,,,JYE,,20271225,20271226,0,20,17,21,42,1525,0
MUL,,,,MUL,,20271226,20271227,0,21,42,23,35,1553,0