othithi_key,othithi_varsham,othithi_masam,othithi_paksham,othithi_thithi,othithi_ruthu,othithi_start_date,othithi_end_date,othithi_date_adv,othithi_start_hour,othithi_start_mins,othithi_end_hour,othithi_end_mins,othithi_duration,othithi_first_derivative
TRY,VWV,PHA,SHU,TRY,SHI,20260228,20260301,0,15,13,13,39,1346,0
CHD,VWV,PHA,SHU,CHD,SHI,20260301,20260302,0,13,39,12,26,1367,0
POU,VWV,PHA,SHU,POU,SHI,20260302,20260303,0,12,26,11,37,1391,0
PRA,VWV,PHA,KRI,PRA,SHI,20260303,20260304,0,11,37,11,19,1422,0
DWI,VWV,PHA,KRI,DWI,SHI,20260304,20260305,0,11,19,11,34,1455,0
TRU,VWV,PHA,KRI,TRU,SHI,20260305,20260306,0,11,34,12,23,1489,0
CHA,VWV,PHA,KRI,CHA,SHI,20260306,20260307,0,12,23,13,47,1524,0
PAN,VWV,PHA,KRI,PAN,SHI,20260307,20260308,0,13,47,15,41,1554,0
SHA,VWV,PHA,KRI,SHA,SHI,20260308,20260309,0,15,41,17,57,1576,0
SAP,VWV,PHA,KRI,SAP,SHI,20260309,20260310,0,17,57,20,24,1587,0
ASH,VWV,PHA,KRI,ASH,SHI,20260310,20260311,0,20,24,22,49,1585,0
NAV,VWV,PHA,KRI,NAV,SHI,20260311,20260313,0,22,49,0,59,1570,0
DAS,VWV,PHA,KRI,DAS,SHI,20260313,20260314,0,0,59,2,41,1542,0
EKA,VWV,PHA,KRI,EKA,SHI,20260314,20260315,0,2,41,3,47,1506,0
DWA,VWV,PHA,KRI,DWA,SHI,20260315,20260316,0,3,47,4,11,1464,0
TRY,VWV,PHA,KRI,TRY,SHI,20260316,20260317,0,4,11,3,53,1422,0
CHD,VWV,PHA,KRI,CHD,SHI,20260317,20260318,0,3,53,2,55,1382,0
AMA,VWV,PHA,KRI,AMA,SHI,20260318,20260319,0,2,55,1,23,1348,0
PRA,PAR,CHA,SHU,PRA,VAS,20260319,20260319,0,1,23,23,22,1319,0
DWI,PAR,CHA,SHU,DWI,VAS,20260319,20260320,0,23,22,21,1,1299,0
TRU,PAR,CHA,SHU,TRU,VAS,20260320,20260321,0,21,1,18,26,1285,0
CHA,PAR,CHA,SHU,CHA,VAS,20260321,20260322,0,18,26,15,47,1281,0
PAN,PAR,CHA,SHU,PAN,VAS,20260322,20260323,0,15,47,13,8,1281,0
SHA,PAR,CHA,SHU,SHA,VAS,20260323,20260324,0,13,8,10,38,1290,0
SAP,PAR,CHA,SHU,SAP,VAS,20260324,20260325,0,10,38,8,20,1302,0
ASH,PAR,CHA,SHU,ASH,VAS,20260325,20260326,0,8,20,6,19,1319,0
NAV,PAR,CHA,SHU,NAV,VAS,20260326,20260327,0,6,19,4,37,1338,0
DAS,PAR,CHA,SHU,DAS,VAS,20260327,20260328,0,4,37,3,16,1359,0
EKA,PAR,CHA,SHU,EKA,VAS,20260328,20260329,0,3,16,2,16,1380,0
DWA,PAR,CHA,SHU,DWA,VAS,20260329,20260330,0,2,16,1,40,1404,0
TRY,PAR,CHA,SHU,TRY,VAS,20260330,20260331,0,1,40,1,26,1426,0
CHD,PAR,CHA,SHU,CHD,VAS,20260331,20260401,0,1,26,1,36,1450,0
POU,PAR,CHA,SHU,POU,VAS,20260401,20260402,0,1,36,2,12,1476,0
PRA,PAR,CHA,KRI,PRA,VAS,20260402,20260403,0,2,12,3,12,1500,0
DWI,PAR,CHA,KRI,DWI,VAS,20260403,20260404,0,3,12,4,39,1527,0
TRU,PAR,CHA,KRI,TRU,VAS,20260404,20260405,0,4,39,6,30,1551,0
CHA,PAR,CHA,KRI,CHA,VAS,20260405,20260406,0,6,30,8,41,1571,0
PAN,PAR,CHA,KRI,PAN,VAS,20260406,20260407,0,8,41,11,5,1584,0
SHA,PAR,CHA,KRI,SHA,VAS,20260407,20260408,0,11,5,13,32,1587,0
SAP,PAR,CHA,KRI,SAP,VAS,20260408,20260409,0,13,32,15,50,1578,0
ASH,PAR,CHA,KRI,ASH,VAS,20260409,20260410,0,15,50,17,46,1556,0
NAV,PAR,CHA,KRI,NAV,VAS,20260410,20260411,0,17,46,19,8,1522,0
DAS,PAR,CHA,KRI,DAS,VAS,20260411,20260412,0,19,8,19,47,1479,0
EKA,PAR,CHA,KRI,EKA,VAS,20260412,20260413,0,19,47,19,39,1432,0
DWA,PAR,CHA,KRI,DWA,VAS,20260413,20260414,0,19,39,18,42,1383,0
TRY,PAR,CHA,KRI,TRY,VAS,20260414,20260415,0,18,42,17,1,1339,0
CHD,PAR,CHA,KRI,CHD,VAS,20260415,20260416,0,17,1,14,41,1300,0
AMA,PAR,CHA,KRI,AMA,VAS,20260416,20260417,0,14,41,11,51,1270,0
PRA,PAR,VAI,SHU,PRA,VAS,20260417,20260418,0,11,51,8,41,1250,0
DWI,PAR,VAI,SHU,DWI,VAS,20260418,20260419,0,8,41,5,19,1238,0
TRU,PAR,VAI,SHU,TRU,VAS,20260419,20260420,0,5,19,1,58,1239,0
CHA,PAR,VAI,SHU,CHA,VAS,20260420,20260420,0,1,58,22,45,1247,0
PAN,PAR,VAI,SHU,PAN,VAS,20260420,20260421,0,22,45,19,50,1265,0
SHA,PAR,VAI,SHU,SHA,VAS,20260421,20260422,0,19,50,17,20,1290,0
SAP,PAR,VAI,SHU,SAP,VAS,20260422,20260423,0,17,20,15,19,1319,0
ASH,PAR,VAI,SHU,ASH,VAS,20260423,20260424,0,15,19,13,52,1353,0
NAV,PAR,VAI,SHU,NAV,VAS,20260424,20260425,0,13,52,12,58,1386,0
DAS,PAR,VAI,SHU,DAS,VAS,20260425,20260426,0,12,58,12,37,1419,0
EKA,PAR,VAI,SHU,EKA,VAS,20260426,20260427,0,12,37,12,46,1449,0
DWA,PAR,VAI,SHU,DWA,VAS,20260427,20260428,0,12,46,13,22,1476,0
TRY,PAR,VAI,SHU,TRY,VAS,20260428,20260429,0,13,22,14,22,1500,0
CHD,PAR,VAI,SHU,CHD,VAS,20260429,20260430,0,14,22,15,43,1521,0
POU,PAR,VAI,SHU,POU,VAS,20260430,20260501,0,15,43,17,23,1540,0
PRA,PAR,VAI,KRI,PRA,VAS,20260501,20260502,0,17,23,19,20,1557,0
DWI,PAR,VAI,KRI,DWI,VAS,20260502,20260503,0,19,20,21,32,1572,0
TRU,PAR,VAI,KRI,TRU,VAS,20260503,20260504,0,21,32,23,54,1582,0
CHA,PAR,VAI,KRI,CHA,VAS,20260504,20260506,0,23,54,2,21,1587,0
PAN,PAR,VAI,KRI,PAN,VAS,20260506,20260507,0,2,21,4,44,1583,0
SHA,PAR,VAI,KRI,SHA,VAS,20260507,20260508,0,4,44,6,52,1568,0
SAP,PAR,VAI,KRI,SAP,VAS,20260508,20260509,0,6,52,8,33,1541,0
ASH,PAR,VAI,KRI,ASH,VAS,20260509,20260510,0,8,33,9,37,1504,0
NAV,PAR,VAI,KRI,NAV,VAS,20260510,20260511,0,9,37,9,55,1458,0
DAS,PAR,VAI,KRI,DAS,VAS,20260511,20260512,0,9,55,9,22,1407,0
EKA,PAR,VAI,KRI,EKA,VAS,20260512,20260513,0,9,22,8,0,1358,0
DWA,PAR,VAI,KRI,DWA,VAS,20260513,20260514,0,8,0,5,51,1311,0
TRY,PAR,VAI,KRI,TRY,VAS,20260514,20260515,0,5,51,3,1,1270,0
CHD,PAR,VAI,KRI,CHD,VAS,20260515,20260515,0,3,1,23,41,1240,0
AMA,PAR,VAI,KRI,AMA,VAS,20260515,20260516,0,23,41,20,1,1220,0
PRA,PAR,JY1,SHU,PRA,GRE,20260516,20260517,0,20,1,16,11,1210,0
DWI,PAR,JY1,SHU,DWI,GRE,20260517,20260518,0,16,11,12,23,1212,0
TRU,PAR,JY1,SHU,TRU,GRE,20260518,20260519,0,12,23,8,48,1225,0
CHA,PAR,JY1,SHU,CHA,GRE,20260519,20260520,0,8,48,5,37,1249,0
PAN,PAR,JY1,SHU,PAN,GRE,20260520,20260521,0,5,37,2,57,1280,0
SHA,PAR,JY1,SHU,SHA,GRE,20260521,20260522,0,2,57,0,55,1318,0
SAP,PAR,JY1,SHU,SAP,GRE,20260522,20260522,0,0,55,23,34,1359,0
ASH,PAR,JY1,SHU,ASH,GRE,20260522,20260523,0,23,34,22,57,1403,0
NAV,PAR,JY1,SHU,NAV,GRE,20260523,20260524,0,22,57,23,1,1444,0
DAS,PAR,JY1,SHU,DAS,GRE,20260524,20260525,0,23,1,23,41,1480,0
EKA,PAR,JY1,SHU,EKA,GRE,20260525,20260527,0,23,41,0,52,1511,0
DWA,PAR,JY1,SHU,DWA,GRE,20260527,20260528,0,0,52,2,27,1535,0
TRY,PAR,JY1,SHU,TRY,GRE,20260528,20260529,0,2,27,4,21,1554,0
CHD,PAR,JY1,SHU,CHD,GRE,20260529,20260530,0,4,21,6,28,1567,0
POU,PAR,JY1,SHU,POU,GRE,20260530,20260531,0,6,28,8,45,1577,0
PRA,PAR,JY1,KRI,PRA,GRE,20260531,20260601,0,8,45,11,7,1582,0
DWI,PAR,JY1,KRI,DWI,GRE,20260601,20260602,0,11,7,13,31,1584,0
TRU,PAR,JY1,KRI,TRU,GRE,20260602,20260603,0,13,31,15,51,1580,0
CHA,PAR,JY1,KRI,CHA,GRE,20260603,20260604,0,15,51,18,0,1569,0
PAN,PAR,JY1,KRI,PAN,GRE,20260604,20260605,0,18,0,19,50,1550,0
SHA,PAR,JY1,KRI,SHA,GRE,20260605,20260606,0,19,50,21,11,1521,0
SAP,PAR,JY1,KRI,SAP,GRE,20260606,20260607,0,21,11,21,55,1484,0
ASH,PAR,JY1,KRI,ASH,GRE,20260607,20260608,0,21,55,21,54,1439,0
NAV,PAR,JY1,KRI,NAV,GRE,20260608,20260609,0,21,54,21,5,1391,0
DAS,PAR,JY1,KRI,DAS,GRE,20260609,20260610,0,21,5,19,28,1343,0
EKA,PAR,JY1,KRI,EKA,GRE,20260610,20260611,0,19,28,17,6,1298,0
DWA,PAR,JY1,KRI,DWA,GRE,20260611,20260612,0,17,6,14,7,1261,0
TRY,PAR,JY1,KRI,TRY,GRE,20260612,20260613,0,14,7,10,38,1231,0
CHD,PAR,JY1,KRI,CHD,GRE,20260613,20260614,0,10,38,6,50,1212,0
AMA,PAR,JY1,KRI,AMA,GRE,20260614,20260615,0,6,50,2,54,1204,0
PRA,PAR,JYE,SHU,PRA,GRE,20260615,20260615,0,2,54,23,1,1207,0
DWI,PAR,JYE,SHU,DWI,GRE,20260615,20260616,0,23,1,19,22,1221,0
TRU,PAR,JYE,SHU,TRU,GRE,20260616,20260617,0,19,22,16,9,1247,0
CHA,PAR,JYE,SHU,CHA,GRE,20260617,20260618,0,16,9,13,29,1280,0
PAN,PAR,JYE,SHU,PAN,GRE,20260618,20260619,0,13,29,11,30,1321,0
SHA,PAR,JYE,SHU,SHA,GRE,20260619,20260620,0,11,30,10,17,1367,0
SAP,PAR,JYE,SHU,SAP,GRE,20260620,20260621,0,10,17,9,51,1414,0
ASH,PAR,JYE,SHU,ASH,GRE,20260621,20260622,0,9,51,10,10,1459,0
NAV,PAR,JYE,SHU,NAV,GRE,20260622,20260623,0,10,10,11,10,1500,0
DAS,PAR,JYE,SHU,DAS,GRE,20260623,20260624,0,11,10,12,42,1532,0
EKA,PAR,JYE,SHU,EKA,GRE,20260624,20260625,0,12,42,14,39,1557,0
DWA,PAR,JYE,SHU,DWA,GRE,20260625,20260626,0,14,39,16,52,1573,0
TRY,PAR,JYE,SHU,TRY,GRE,20260626,20260627,0,16,52,19,13,1581,0
CHD,PAR,JYE,SHU,CHD,GRE,20260627,20260628,0,19,13,21,36,1583,0
POU,PAR,JYE,SHU,POU,GRE,20260628,20260629,0,21,36,23,56,1580,0
PRA,PAR,JYE,KRI,PRA,GRE,20260629,20260701,0,23,56,2,8,1572,0
DWI,PAR,JYE,KRI,DWI,GRE,20260701,20260702,0,2,8,4,8,1560,0
TRU,PAR,JYE,KRI,TRU,GRE,20260702,20260703,0,4,8,5,50,1542,0
CHA,PAR,JYE,KRI,CHA,GRE,20260703,20260704,0,5,50,7,10,1520,0
PAN,PAR,JYE,KRI,PAN,GRE,20260704,20260705,0,7,10,8,1,1491,0
SHA,PAR,JYE,KRI,SHA,GRE,20260705,20260706,0,8,1,8,17,1456,0
SAP,PAR,JYE,KRI,SAP,GRE,20260706,20260707,0,8,17,7,55,1418,0
ASH,PAR,JYE,KRI,ASH,GRE,20260707,20260708,0,7,55,6,52,1377,0
NAV,PAR,JYE,KRI,NAV,GRE,20260708,20260709,0,6,52,5,8,1336,0
DAS,PAR,JYE,KRI,DAS,GRE,20260709,20260710,0,5,8,2,46,1298,0
EKA,PAR,JYE,KRI,EKA,GRE,20260710,20260710,0,2,46,23,53,1267,0
DWA,PAR,JYE,KRI,DWA,GRE,20260710,20260711,0,23,53,20,34,1241,0
TRY,PAR,JYE,KRI,TRY,GRE,20260711,20260712,0,20,34,17,0,1226,0
CHD,PAR,JYE,KRI,CHD,GRE,20260712,20260713,0,17,0,13,19,1219,0
AMA,PAR,JYE,KRI,AMA,GRE,20260713,20260714,0,13,19,9,43,1224,0
PRA,PAR,AAS,SHU,PRA,GRE,20260714,20260715,0,9,43,6,21,1238,0
DWI,PAR,AAS,SHU,DWI,GRE,20260715,20260716,0,6,21,3,23,1262,0
TRU,PAR,AAS,SHU,TRU,GRE,20260716,20260717,0,3,23,0,58,1295,0
CHA,PAR,AAS,SHU,CHA,GRE,20260717,20260717,0,0,58,23,13,1335,0
PAN,PAR,AAS,SHU,PAN,GRE,20260717,20260718,0,23,13,22,13,1380,0
SHA,PAR,AAS,SHU,SHA,GRE,20260718,20260719,0,22,13,22,0,1427,0
SAP,PAR,AAS,SHU,SAP,GRE,20260719,20260720,0,22,0,22,33,1473,0
ASH,PAR,AAS,SHU,ASH,GRE,20260720,20260721,0,22,33,23,47,1514,0
NAV,PAR,AAS,SHU,NAV,GRE,20260721,20260723,0,23,47,1,33,1546,0
DAS,PAR,AAS,SHU,DAS,GRE,20260723,20260724,0,1,33,3,43,1570,0
EKA,PAR,AAS,SHU,EKA,GRE,20260724,20260725,0,3,43,6,4,1581,0
DWA,PAR,AAS,SHU,DWA,GRE,20260725,20260726,0,6,4,8,28,1584,0
TRY,PAR,AAS,SHU,TRY,GRE,20260726,20260727,0,8,28,10,45,1577,0
CHD,PAR,AAS,SHU,CHD,GRE,20260727,20260728,0,10,45,12,49,1564,0
POU,PAR,AAS,SHU,POU,GRE,20260728,20260729,0,12,49,14,35,1546,0
PRA,PAR,AAS,KRI,PRA,GRE,20260729,20260730,0,14,35,16,0,1525,0
DWI,PAR,AAS,KRI,DWI,GRE,20260730,20260731,0,16,0,17,2,1502,0
TRU,PAR,AAS,KRI,TRU,GRE,20260731,20260801,0,17,2,17,37,1475,0
CHA,PAR,AAS,KRI,CHA,GRE,20260801,20260802,0,17,37,17,45,1448,0
PAN,PAR,AAS,KRI,PAN,GRE,20260802,20260803,0,17,45,17,24,1419,0
SHA,PAR,AAS,KRI,SHA,GRE,20260803,20260804,0,17,24,16,33,1389,0
SAP,PAR,AAS,KRI,SAP,GRE,20260804,20260805,0,16,33,15,12,1359,0
ASH,PAR,AAS,KRI,ASH,GRE,20260805,20260806,0,15,12,13,23,1331,0
NAV,PAR,AAS,KRI,NAV,GRE,20260806,20260807,0,13,23,11,7,1304,0
DAS,PAR,AAS,KRI,DAS,GRE,20260807,20260808,0,11,7,8,29,1282,0
EKA,PAR,AAS,KRI,EKA,GRE,20260808,20260809,0,8,29,5,35,1266,0
DWA,PAR,AAS,KRI,DWA,GRE,20260809,20260810,0,5,35,2,31,1256,0
TRY,PAR,AAS,KRI,TRY,GRE,20260810,20260810,0,2,31,23,24,1253,0
CHD,PAR,AAS,KRI,CHD,GRE,20260810,20260811,0,23,24,20,23,1259,0
AMA,PAR,AAS,KRI,AMA,GRE,20260811,20260812,0,20,23,17,36,1273,0
PRA,PAR,SHR,SHU,PRA,VAR,20260812,20260813,0,17,36,15,12,1296,0
DWI,PAR,SHR,SHU,DWI,VAR,20260813,20260814,0,15,12,13,17,1325,0
TRU,PAR,SHR,SHU,TRU,VAR,20260814,20260815,0,13,17,11,59,1362,0
CHA,PAR,SHR,SHU,CHA,VAR,20260815,20260816,0,11,59,11,23,1404,0
PAN,PAR,SHR,SHU,PAN,VAR,20260816,20260817,0,11,23,11,30,1447,0
SHA,PAR,SHR,SHU,SHA,VAR,20260817,20260818,0,11,30,12,21,1491,0
SAP,PAR,SHR,SHU,SAP,VAR,20260818,20260819,0,12,21,13,50,1529,0
ASH,PAR,SHR,SHU,ASH,VAR,20260819,20260820,0,13,50,15,48,1558,0
NAV,PAR,SHR,SHU,NAV,VAR,20260820,20260821,0,15,48,18,6,1578,0
DAS,PAR,SHR,SHU,DAS,VAR,20260821,20260822,0,18,6,20,30,1584,0
EKA,PAR,SHR,SHU,EKA,VAR,20260822,20260823,0,20,30,22,49,1579,0
DWA,PAR,SHR,SHU,DWA,VAR,20260823,20260825,0,22,49,0,51,1562,0
TRY,PAR,SHR,SHU,TRY,VAR,20260825,20260826,0,0,51,2,29,1538,0
CHD,PAR,SHR,SHU,CHD,VAR,20260826,20260827,0,2,29,3,39,1510,0
POU,PAR,SHR,SHU,POU,VAR,20260827,20260828,0,3,39,4,18,1479,0
PRA,PAR,SHR,KRI,PRA,VAR,20260828,20260829,0,4,18,4,27,1449,0
DWI,PAR,SHR,KRI,DWI,VAR,20260829,20260830,0,4,27,4,7,1420,0
TRU,PAR,SHR,KRI,TRU,VAR,20260830,20260831,0,4,7,3,21,1394,0
CHA,PAR,SHR,KRI,CHA,VAR,20260831,20260901,0,3,21,2,12,1371,0
PAN,PAR,SHR,KRI,PAN,VAR,20260901,20260902,0,2,12,0,43,1351,0
SHA,PAR,SHR,KRI,SHA,VAR,20260902,20260902,0,0,43,22,56,1333,0
SAP,PAR,SHR,KRI,SAP,VAR,20260902,20260903,0,22,56,20,55,1319,0
ASH,PAR,SHR,KRI,ASH,VAR,20260903,20260904,0,20,55,18,44,1309,0
NAV,PAR,SHR,KRI,NAV,VAR,20260904,20260905,0,18,44,16,24,1300,0
DAS,PAR,SHR,KRI,DAS,VAR,20260905,20260906,0,16,24,13,59,1295,0
EKA,PAR,SHR,KRI,EKA,VAR,20260906,20260907,0,13,59,11,34,1295,0
DWA,PAR,SHR,KRI,DWA,VAR,20260907,20260908,0,11,34,9,13,1299,0
TRY,PAR,SHR,KRI,TRY,VAR,20260908,20260909,0,9,13,7,1,1308,0
CHD,PAR,SHR,KRI,CHD,VAR,20260909,20260910,0,7,1,5,3,1322,0
AMA,PAR,SHR,KRI,AMA,VAR,20260910,20260911,0,5,3,3,27,1344,0
PRA,PAR,BHA,SHU,PRA,VAR,20260911,20260912,0,3,27,2,16,1369,0
DWI,PAR,BHA,SHU,DWI,VAR,20260912,20260913,0,2,16,1,38,1402,0
TRU,PAR,BHA,SHU,TRU,VAR,20260913,20260914,0,1,38,1,37,1439,0
CHA,PAR,BHA,SHU,CHA,VAR,20260914,20260915,0,1,37,2,14,1477,0
PAN,PAR,BHA,SHU,PAN,VAR,20260915,20260916,0,2,14,3,29,1515,0
SHA,PAR,BHA,SHU,SHA,VAR,20260916,20260917,0,3,29,5,18,1549,0
SAP,PAR,BHA,SHU,SAP,VAR,20260917,20260918,0,5,18,7,31,1573,0
ASH,PAR,BHA,SHU,ASH,VAR,20260918,20260919,0,7,31,9,57,1586,0
NAV,PAR,BHA,SHU,NAV,VAR,20260919,20260920,0,9,57,12,22,1585,0
DAS,PAR,BHA,SHU,DAS,VAR,20260920,20260921,0,12,22,14,31,1569,0
EKA,PAR,BHA,SHU,EKA,VAR,20260921,20260922,0,14,31,16,13,1542,0
DWA,PAR,BHA,SHU,DWA,VAR,20260922,20260923,0,16,13,17,21,1508,0
TRY,PAR,BHA,SHU,TRY,VAR,20260923,20260924,0,17,21,17,48,1467,0
CHD,PAR,BHA,SHU,CHD,VAR,20260924,20260925,0,17,48,17,37,1429,0
POU,PAR,BHA,SHU,POU,VAR,20260925,20260926,0,17,37,16,49,1392,0
PRA,PAR,BHA,KRI,PRA,VAR,20260926,20260927,0,16,49,15,29,1360,0
DWI,PAR,BHA,KRI,DWI,VAR,20260927,20260928,0,15,29,13,44,1335,0
TRU,PAR,BHA,KRI,TRU,VAR,20260928,20260929,0,13,44,11,40,1316,0
CHA,PAR,BHA,KRI,CHA,VAR,20260929,20260930,0,11,40,9,25,1305,0
PAN,PAR,BHA,KRI,PAN,VAR,20260930,20261001,0,9,25,7,5,1300,0
SHA,PAR,BHA,KRI,SHA,VAR,20261001,20261002,0,7,5,4,45,1300,0
SAP,PAR,BHA,KRI,SAP,VAR,20261002,20261003,0,4,45,2,30,1305,0
ASH,PAR,BHA,KRI,ASH,VAR,20261003,20261004,0,2,30,0,22,1312,0
NAV,PAR,BHA,KRI,NAV,VAR,20261004,20261004,0,0,22,22,24,1322,0
DAS,PAR,BHA,KRI,DAS,VAR,20261004,20261005,0,22,24,20,38,1334,0
EKA,PAR,BHA,KRI,EKA,VAR,20261005,20261006,0,20,38,19,5,1347,0
DWA,PAR,BHA,KRI,DWA,VAR,20261006,20261007,0,19,5,17,47,1362,0
TRY,PAR,BHA,KRI,TRY,VAR,20261007,20261008,0,17,47,16,46,1379,0
CHD,PAR,BHA,KRI,CHD,VAR,20261008,20261009,0,16,46,16,6,1400,0
AMA,PAR,BHA,KRI,AMA,VAR,20261009,20261010,0,16,6,15,50,1424,0
PRA,PAR,ASV,SHU,PRA,SHA,20261010,20261011,0,15,50,16,1,1451,0
DWI,PAR,ASV,SHU,DWI,SHA,20261011,20261012,0,16,1,16,43,1482,0
TRU,PAR,ASV,SHU,TRU,SHA,20261012,20261013,0,16,43,17,58,1515,0
CHA,PAR,ASV,SHU,CHA,SHA,20261013,20261014,0,17,58,19,43,1545,0
PAN,PAR,ASV,SHU,PAN,SHA,20261014,20261015,0,19,43,21,55,1572,0
SHA,PAR,ASV,SHU,SHA,SHA,20261015,20261017,0,21,55,0,24,1589,0
SAP,PAR,ASV,SHU,SAP,SHA,20261017,20261018,0,0,24,2,58,1594,0
ASH,PAR,ASV,SHU,ASH,SHA,20261018,20261019,0,2,58,5,22,1584,0
NAV,PAR,ASV,SHU,NAV,SHA,20261019,20261020,0,5,22,7,20,1558,0
DAS,PAR,ASV,SHU,DAS,SHA,20261020,20261021,0,7,20,8,42,1522,0
EKA,PAR,ASV,SHU,EKA,SHA,20261021,20261022,0,8,42,9,18,1476,0
DWA,PAR,ASV,SHU,DWA,SHA,20261022,20261023,0,9,18,9,6,1428,0
TRY,PAR,ASV,SHU,TRY,SHA,20261023,20261024,0,9,6,8,7,1381,0
CHD,PAR,ASV,SHU,CHD,SHA,20261024,20261025,0,8,7,6,26,1339,0
POU,PAR,ASV,SHU,POU,SHA,20261025,20261026,0,6,26,4,11,1305,0
PRA,PAR,ASV,KRI,PRA,SHA,20261026,20261027,0,4,11,1,32,1281,0
DWI,PAR,ASV,KRI,DWI,SHA,20261027,20261027,0,1,32,22,37,1265,0
TRU,PAR,ASV,KRI,TRU,SHA,20261027,20261028,0,22,37,19,37,1260,0
CHA,PAR,ASV,KRI,CHA,SHA,20261028,20261029,0,19,37,16,40,1263,0
PAN,PAR,ASV,KRI,PAN,SHA,20261029,20261030,0,16,40,13,55,1275,0
SHA,PAR,ASV,KRI,SHA,SHA,20261030,20261031,0,13,55,11,27,1292,0
SAP,PAR,ASV,KRI,SAP,SHA,20261031,20261101,0,11,27,9,22,1315,0
ASH,PAR,ASV,KRI,ASH,SHA,20261101,20261102,0,9,22,7,41,1339,0
NAV,PAR,ASV,KRI,NAV,SHA,20261102,20261103,0,7,41,6,25,1364,0
DAS,PAR,ASV,KRI,DAS,SHA,20261103,20261104,0,6,25,5,33,1388,0
EKA,PAR,ASV,KRI,EKA,SHA,20261104,20261105,0,5,33,5,6,1413,0
DWA,PAR,ASV,KRI,DWA,SHA,20261105,20261106,0,5,6,5,1,1435,0
TRY,PAR,ASV,KRI,TRY,SHA,20261106,20261107,0,5,1,5,18,1457,0
CHD,PAR,ASV,KRI,CHD,SHA,20261107,20261108,0,5,18,5,58,1480,0
AMA,PAR,ASV,KRI,AMA,SHA,20261108,20261109,0,5,58,7,2,1504,0
PRA,PAR,KAR,SHU,PRA,SHA,20261109,20261110,0,7,2,8,30,1528,0
DWI,PAR,KAR,SHU,DWI,SHA,20261110,20261111,0,8,30,10,23,1553,0
TRU,PAR,KAR,SHU,TRU,SHA,20261111,20261112,0,10,23,12,39,1576,0
CHA,PAR,KAR,SHU,CHA,SHA,20261112,20261113,0,12,39,15,13,1594,0
PAN,PAR,KAR,SHU,PAN,SHA,20261113,20261114,0,15,13,17,54,1601,0
SHA,PAR,KAR,SHU,SHA,SHA,20261114,20261115,0,17,54,20,31,1597,0
SAP,PAR,KAR,SHU,SAP,SHA,20261115,20261116,0,20,31,22,50,1579,0
ASH,PAR,KAR,SHU,ASH,SHA,20261116,20261118,0,22,50,0,35,1545,0
NAV,PAR,KAR,SHU,NAV,SHA,20261118,20261119,0,0,35,1,36,1501,0
DAS,PAR,KAR,SHU,DAS,SHA,20261119,20261120,0,1,36,1,46,1450,0
EKA,PAR,KAR,SHU,EKA,SHA,20261120,20261121,0,1,46,1,1,1395,0
DWA,PAR,KAR,SHU,DWA,SHA,20261121,20261121,0,1,1,23,26,1345,0
TRY,PAR,KAR,SHU,TRY,SHA,20261121,20261122,0,23,26,21,7,1301,0
CHD,PAR,KAR,SHU,CHD,SHA,20261122,20261123,0,21,7,18,12,1265,0
POU,PAR,KAR,SHU,POU,SHA,20261123,20261124,0,18,12,14,53,1241,0
PRA,PAR,KAR,KRI,PRA,SHA,20261124,20261125,0,14,53,11,20,1227,0
DWI,PAR,KAR,KRI,DWI,SHA,20261125,20261126,0,11,20,7,45,1225,0
TRU,PAR,KAR,KRI,TRU,SHA,20261126,20261127,0,7,45,4,19,1234,0
CHA,PAR,KAR,KRI,CHA,SHA,20261127,20261128,0,4,19,1,10,1251,0
PAN,PAR,KAR,KRI,PAN,SHA,20261128,20261128,0,1,10,22,27,1277,0
SHA,PAR,KAR,KRI,SHA,SHA,20261128,20261129,0,22,27,20,17,1310,0
SAP,PAR,KAR,KRI,SAP,SHA,20261129,20261130,0,20,17,18,42,1345,0
ASH,PAR,KAR,KRI,ASH,SHA,20261130,20261201,0,18,42,17,44,1382,0
NAV,PAR,KAR,KRI,NAV,SHA,20261201,20261202,0,17,44,17,22,1418,0
DAS,PAR,KAR,KRI,DAS,SHA,20261202,20261203,0,17,22,17,34,1452,0
EKA,PAR,KAR,KRI,EKA,SHA,20261203,20261204,0,17,34,18,15,1481,0
DWA,PAR,KAR,KRI,DWA,SHA,20261204,20261205,0,18,15,19,22,1507,0
TRY,PAR,KAR,KRI,TRY,SHA,20261205,20261206,0,19,22,20,52,1530,0
CHD,PAR,KAR,KRI,CHD,SHA,20261206,20261207,0,20,52,22,43,1551,0
AMA,PAR,KAR,KRI,AMA,SHA,20261207,20261209,0,22,43,0,51,1568,0
PRA,PAR,MGS,SHU,PRA,HEM,20261209,20261210,0,0,51,3,16,1585,0
DWI,PAR,MGS,SHU,DWI,HEM,20261210,20261211,0,3,16,5,53,1597,0
TRU,PAR,MGS,SHU,TRU,HEM,20261211,20261212,0,5,53,8,36,1603,0
CHA,PAR,MGS,SHU,CHA,HEM,20261212,20261213,0,8,36,11,18,1602,0
PAN,PAR,MGS,SHU,PAN,HEM,20261213,20261214,0,11,18,13,46,1588,0
SHA,PAR,MGS,SHU,SHA,HEM,20261214,20261215,0,13,46,15,49,1563,0
SAP,PAR,MGS,SHU,SAP,HEM,20261215,20261216,0,15,49,17,16,1527,0
ASH,PAR,MGS,SHU,ASH,HEM,20261216,20261217,0,17,16,17,56,1480,0
NAV,PAR,MGS,SHU,NAV,HEM,20261217,20261218,0,17,56,17,44,1428,0
DAS,PAR,MGS,SHU,DAS,HEM,20261218,20261219,0,17,44,16,39,1375,0
EKA,PAR,MGS,SHU,EKA,HEM,20261219,20261220,0,16,39,14,45,1326,0
DWA,PAR,MGS,SHU,DWA,HEM,20261220,20261221,0,14,45,12,6,1281,0
TRY,PAR,MGS,SHU,TRY,HEM,20261221,20261222,0,12,6,8,54,1248,0
CHD,PAR,MGS,SHU,CHD,HEM,20261222,20261223,0,8,54,5,17,1223,0
POU,PAR,MGS,SHU,POU,HEM,20261223,20261224,0,5,17,1,28,1211,0
PRA,PAR,MGS,KRI,PRA,HEM,20261224,20261224,0,1,28,21,37,1209,0
DWI,PAR,MGS,KRI,DWI,HEM,20261224,20261225,0,21,37,17,56,1219,0
TRU,PAR,MGS,KRI,TRU,HEM,20261225,20261226,0,17,56,14,35,1239,0
CHA,PAR,MGS,KRI,CHA,HEM,20261226,20261227,0,14,35,11,43,1268,0
PAN,PAR,MGS,KRI,PAN,HEM,20261227,20261228,0,11,43,9,28,1305,0
SHA,PAR,MGS,KRI,SHA,HEM,20261228,20261229,0,9,28,7,55,1347,0
SAP,PAR,MGS,KRI,SAP,HEM,20261229,20261230,0,7,55,7,6,1391,0
ASH,PAR,MGS,KRI,ASH,HEM,20261230,20261231,0,7,6,7,2,1436,0
NAV,PAR,MGS,KRI,NAV,HEM,20261231,20270101,0,7,2,7,40,1478,0
DAS,PAR,MGS,KRI,DAS,HEM,20270101,20270102,0,7,40,8,54,1514,0
EKA,PAR,MGS,KRI,EKA,HEM,20270102,20270103,0,8,54,10,38,1544,0
DWA,PAR,MGS,KRI,DWA,HEM,20270103,20270104,0,10,38,12,46,1568,0
TRY,PAR,MGS,KRI,TRY,HEM,20270104,20270105,0,12,46,15,10,1584,0
CHD,PAR,MGS,KRI,CHD,HEM,20270105,20270106,0,15,10,17,44,1594,0
AMA,PAR,MGS,KRI,AMA,HEM,20270106,20270107,0,17,44,20,24,1600,0
PRA,PAR,PAU,SHU,PRA,HEM,20270107,20270108,0,20,24,23,4,1600,0
DWI,PAR,PAU,SHU,DWI,HEM,20270108,20270110,0,23,4,1,37,1593,0
TRU,PAR,PAU,SHU,TRU,HEM,20270110,20270111,0,1,37,3,58,1581,0
CHA,PAR,PAU,SHU,CHA,HEM,20270111,20270112,0,3,58,5,59,1561,0
PAN,PAR,PAU,SHU,PAN,HEM,20270112,20270113,0,5,59,7,32,1533,0
SHA,PAR,PAU,SHU,SHA,HEM,20270113,20270114,0,7,32,8,29,1497,0
SAP,PAR,PAU,SHU,SAP,HEM,20270114,20270115,0,8,29,8,43,1454,0
ASH,PAR,PAU,SHU,ASH,HEM,20270115,20270116,0,8,43,8,13,1410,0
NAV,PAR,PAU,SHU,NAV,HEM,20270116,20270117,0,8,13,6,57,1364,0
DAS,PAR,PAU,SHU,DAS,HEM,20270117,20270118,0,6,57,4,57,1320,0
EKA,PAR,PAU,SHU,EKA,HEM,20270118,20270119,0,4,57,2,20,1283,0
DWA,PAR,PAU,SHU,DWA,HEM,20270119,20270119,0,2,20,23,11,1251,0
TRY,PAR,PAU,SHU,TRY,HEM,20270119,20270120,0,23,11,19,42,1231,0
CHD,PAR,PAU,SHU,CHD,HEM,20270120,20270121,0,19,42,16,0,1218,0
POU,PAR,PAU,SHU,POU,HEM,20270121,20270122,0,16,0,12,17,1217,0
PRA,PAR,PAU,KRI,PRA,HEM,20270122,20270123,0,12,17,8,43,1226,0
DWI,PAR,PAU,KRI,DWI,HEM,20270123,20270124,0,8,43,5,27,1244,0
TRU,PAR,PAU,KRI,TRU,HEM,20270124,20270125,0,5,27,2,40,1273,0
CHA,PAR,PAU,KRI,CHA,HEM,20270125,20270126,0,2,40,0,30,1310,0
PAN,PAR,PAU,KRI,PAN,HEM,20270126,20270126,0,0,30,23,3,1353,0
SHA,PAR,PAU,KRI,SHA,HEM,20270126,20270127,0,23,3,22,24,1401,0
SAP,PAR,PAU,KRI,SAP,HEM,20270127,20270128,0,22,24,22,33,1449,0
ASH,PAR,PAU,KRI,ASH,HEM,20270128,20270129,0,22,33,23,28,1495,0
NAV,PAR,PAU,KRI,NAV,HEM,20270129,20270131,0,23,28,1,4,1536,0
DAS,PAR,PAU,KRI,DAS,HEM,20270131,20270201,0,1,4,3,11,1567,0
EKA,PAR,PAU,KRI,EKA,HEM,20270201,20270202,0,3,11,5,40,1589,0
DWA,PAR,PAU,KRI,DWA,HEM,20270202,20270203,0,5,40,8,20,1600,0
TRY,PAR,PAU,KRI,TRY,HEM,20270203,20270204,0,8,20,11,1,1601,0
CHD,PAR,PAU,KRI,CHD,HEM,20270204,20270205,0,11,1,13,35,1594,0
AMA,PAR,PAU,KRI,AMA,HEM,20270205,20270206,0,13,35,15,56,1581,0
PRA,PAR,MAG,SHU,PRA,SHI,20270206,20270207,0,15,56,17,57,1561,0
DWI,PAR,MAG,SHU,DWI,SHI,20270207,20270208,0,17,57,19,36,1539,0
TRU,PAR,MAG,SHU,TRU,SHI,20270208,20270209,0,19,36,20,50,1514,0
CHA,PAR,MAG,SHU,CHA,SHI,20270209,20270210,0,20,50,21,35,1485,0
PAN,PAR,MAG,SHU,PAN,SHI,20270210,20270211,0,21,35,21,48,1453,0
SHA,PAR,MAG,SHU,SHA,SHI,20270211,20270212,0,21,48,21,29,1421,0
SAP,PAR,MAG,SHU,SAP,SHI,20270212,20270213,0,21,29,20,37,1388,0
ASH,PAR,MAG,SHU,ASH,SHI,20270213,20270214,0,20,37,19,11,1354,0
NAV,PAR,MAG,SHU,NAV,SHI,20270214,20270215,0,19,11,17,14,1323,0
DAS,PAR,MAG,SHU,DAS,SHI,20270215,20270216,0,17,14,14,49,1295,0
EKA,PAR,MAG,SHU,EKA,SHI,20270216,20270217,0,14,49,12,2,1273,0
DWA,PAR,MAG,SHU,DWA,SHI,20270217,20270218,0,12,2,8,58,1256,0
TRY,PAR,MAG,SHU,TRY,SHI,20270218,20270219,0,8,58,5,44,1246,0
CHD,PAR,MAG,SHU,CHD,SHI,20270219,20270220,0,5,44,2,30,1246,0
POU,PAR,MAG,SHU,POU,SHI,20270220,20270220,0,2,30,23,23,1253,0
PRA,PAR,MAG,KRI,PRA,SHI,20270220,20270221,0,23,23,20,33,1270,0
DWI,PAR,MAG,KRI,DWI,SHI,20270221,20270222,0,20,33,18,9,1296,0
TRU,PAR,MAG,KRI,TRU,SHI,20270222,20270223,0,18,9,16,19,1330,0
CHA,PAR,MAG,KRI,CHA,SHI,20270223,20270224,0,16,19,15,10,1371,0
PAN,PAR,MAG,KRI,PAN,SHI,20270224,20270225,0,15,10,14,48,1418,0
SHA,PAR,MAG,KRI,SHA,SHI,20270225,20270226,0,14,48,15,13,1465,0
SAP,PAR,MAG,KRI,SAP,SHI,20270226,20270227,0,15,13,16,25,1512,0
ASH,PAR,MAG,KRI,ASH,SHI,20270227,20270228,0,16,25,18,16,1551,0
NAV,PAR,MAG,KRI,NAV,SHI,20270228,20270301,0,18,16,20,37,1581,0
DAS,PAR,MAG,KRI,DAS,SHI,20270301,20270302,0,20,37,23,14,1597,0
EKA,PAR,MAG,KRI,EKA,SHI,20270302,20270304,0,23,14,1,54,1600,0
DWA,PAR,MAG,KRI,DWA,SHI,20270304,20270305,0,1,54,4,24,1590,0
TRY,PAR,MAG,KRI,TRY,SHI,20270305,20270306,0,4,24,6,34,1570,0
CHD,PAR,MAG,KRI,CHD,SHI,20270306,20270307,0,6,34,8,16,1542,0
AMA,PAR,MAG,KRI,AMA,SHI,20270307,20270308,0,8,16,9,29,1513,0
PRA,PAR,PHA,SHU,PRA,SHI,20270308,20270309,0,9,29,10,11,1482,0
DWI,PAR,PHA,SHU,DWI,SHI,20270309,20270310,0,10,11,10,23,1452,0
TRU,PAR,PHA,SHU,TRU,SHI,20270310,20270311,0,10,23,10,7,1424,0
CHA,PAR,PHA,SHU,CHA,SHI,20270311,20270312,0,10,7,9,27,1400,0
PAN,PAR,PHA,SHU,PAN,SHI,20270312,20270313,0,9,27,8,25,1378,0
SHA,PAR,PHA,SHU,SHA,SHI,20270313,20270314,0,8,25,7,2,1357,0
SAP,PAR,PHA,SHU,SAP,SHI,20270314,20270315,0,7,2,5,21,1339,0
ASH,PAR,PHA,SHU,ASH,SHI,20270315,20270316,0,5,21,3,24,1323,0
NAV,PAR,PHA,SHU,NAV,SHI,20270316,20270317,0,3,24,1,14,1310,0
DAS,PAR,PHA,SHU,DAS,SHI,20270317,20270317,0,1,14,22,51,1297,0
EKA,PAR,PHA,SHU,EKA,SHI,20270317,20270318,0,22,51,20,21,1290,0
DWA,PAR,PHA,SHU,DWA,SHI,20270318,20270319,0,20,21,17,47,1286,0
TRY,PAR,PHA,SHU,TRY,SHI,20270319,20270320,0,17,47,15,15,1288,0
CHD,PAR,PHA,SHU,CHD,SHI,20270320,20270321,0,15,15,12,52,1297,0
POU,PAR,PHA,SHU,POU,SHI,20270321,20270322,0,12,52,10,43,1311,0
PRA,PAR,PHA,KRI,PRA,SHI,20270322,20270323,0,10,43,8,58,1335,0
DWI,PAR,PHA,KRI,DWI,SHI,20270323,20270324,0,8,58,7,44,1366,0
TRU,PAR,PHA,KRI,TRU,SHI,20270324,20270325,0,7,44,7,8,1404,0
CHA,PAR,PHA,KRI,CHA,SHI,20270325,20270326,0,7,8,7,13,1445,0
PAN,PAR,PHA,KRI,PAN,SHI,20270326,20270327,0,7,13,8,3,1490,0
SHA,PAR,PHA,KRI,SHA,SHI,20270327,20270328,0,8,3,9,35,1532,0
SAP,PAR,PHA,KRI,SAP,SHI,20270328,20270329,0,9,35,11,41,1566,0
ASH,PAR,PHA,KRI,ASH,SHI,20270329,20270330,0,11,41,14,10,1589,0
NAV,PAR,PHA,KRI,NAV,SHI,20270330,20270331,0,14,10,16,46,1596,0
DAS,PAR,PHA,KRI,DAS,SHI,20270331,20270401,0,16,46,19,15,1589,0
EKA,PAR,PHA,KRI,EKA,SHI,20270401,20270402,0,19,15,21,22,1567,0
DWA,PAR,PHA,KRI,DWA,SHI,20270402,20270403,0,21,22,22,57,1535,0
TRY,PAR,PHA,KRI,TRY,SHI,20270403,20270404,0,22,57,23,53,1496,0
CHD,PAR,PHA,KRI,CHD,SHI,20270404,20270406,0,23,53,0,10,1457,0
AMA,PAR,PHA,KRI,AMA,SHI,20270406,20270406,0,0,10,23,51,1421,0
PRA,PVG,CHA,SHU,PRA,VAS,20270406,20270407,0,23,51,22,59,1388,0
DWI,PVG,CHA,SHU,DWI,VAS,20270407,20270408,0,22,59,21,40,1361,0
TRU,PVG,CHA,SHU,TRU,VAS,20270408,20270409,0,21,40,20,2,1342,0
CHA,PVG,CHA,SHU,CHA,VAS,20270409,20270410,0,20,2,18,10,1328,0
PAN,PVG,CHA,SHU,PAN,VAS,20270410,20270411,0,18,10,16,10,1320,0
SHA,PVG,CHA,SHU,SHA,VAS,20270411,20270412,0,16,10,14,5,1315,0
SAP,PVG,CHA,SHU,SAP,VAS,20270412,20270413,0,14,5,11,59,1314,0
ASH,PVG,CHA,SHU,ASH,VAS,20270413,20270414,0,11,59,9,54,1315,0
NAV,PVG,CHA,SHU,NAV,VAS,20270414,20270415,0,9,54,7,51,1317,0
DAS,PVG,CHA,SHU,DAS,VAS,20270415,20270416,0,7,51,5,52,1321,0
EKA,PVG,CHA,SHU,EKA,VAS,20270416,20270417,0,5,52,3,58,1326,0
DWA,PVG,CHA,SHU,DWA,VAS,20270417,20270418,0,3,58,2,12,1334,0
TRY,PVG,CHA,SHU,TRY,VAS,20270418,20270419,0,2,12,0,38,1346,0
CHD,PVG,CHA,SHU,CHD,VAS,20270419,20270419,0,0,38,23,21,1363,0
POU,PVG,CHA,SHU,POU,VAS,20270419,20270420,0,23,21,22,27,1386,0
PRA,PVG,CHA,KRI,PRA,VAS,20270420,20270421,0,22,27,22,0,1413,0
DWI,PVG,CHA,KRI,DWI,VAS,20270421,20270422,0,22,0,22,7,1447,0
TRU,PVG,CHA,KRI,TRU,VAS,20270422,20270423,0,22,7,22,51,1484,0
CHA,PVG,CHA,KRI,CHA,VAS,20270423,20270425,0,22,51,0,12,1521,0
PAN,PVG,CHA,KRI,PAN,VAS,20270425,20270426,0,0,12,2,7,1555,0
SHA,PVG,CHA,KRI,SHA,VAS,20270426,20270427,0,2,7,4,27,1580,0
SAP,PVG,CHA,KRI,SAP,VAS,20270427,20270428,0,4,27,7,1,1594,0
ASH,PVG,CHA,KRI,ASH,VAS,20270428,20270429,0,7,1,9,31,1590,0
NAV,PVG,CHA,KRI,NAV,VAS,20270429,20270430,0,9,31,11,44,1573,0
DAS,PVG,CHA,KRI,DAS,VAS,20270430,20270501,0,11,44,13,24,1540,0
EKA,PVG,CHA,KRI,EKA,VAS,20270501,20270502,0,13,24,14,22,1498,0
DWA,PVG,CHA,KRI,DWA,VAS,20270502,20270503,0,14,22,14,34,1452,0
TRY,PVG,CHA,KRI,TRY,VAS,20270503,20270504,0,14,34,14,1,1407,0
CHD,PVG,CHA,KRI,CHD,VAS,20270504,20270505,0,14,1,12,47,1366,0
AMA,PVG,CHA,KRI,AMA,VAS,20270505,20270506,0,12,47,10,58,1331,0
PRA,PVG,VAI,SHU,PRA,VAS,20270506,20270507,0,10,58,8,44,1306,0
DWI,PVG,VAI,SHU,DWI,VAS,20270507,20270508,0,8,44,6,13,1289,0
TRU,PVG,VAI,SHU,TRU,VAS,20270508,20270509,0,6,13,3,33,1280,0
CHA,PVG,VAI,SHU,CHA,VAS,20270509,20270510,0,3,33,0,53,1280,0
PAN,PVG,VAI,SHU,PAN,VAS,20270510,20270510,0,0,53,22,18,1285,0
SHA,PVG,VAI,SHU,SHA,VAS,20270510,20270511,0,22,18,19,54,1296,0
SAP,PVG,VAI,SHU,SAP,VAS,20270511,20270512,0,19,54,17,43,1309,0
ASH,PVG,VAI,SHU,ASH,VAS,20270512,20270513,0,17,43,15,48,1325,0
NAV,PVG,VAI,SHU,NAV,VAS,20270513,20270514,0,15,48,14,9,1341,0
DAS,PVG,VAI,SHU,DAS,VAS,20270514,20270515,0,14,9,12,48,1359,0
EKA,PVG,VAI,SHU,EKA,VAS,20270515,20270516,0,12,48,11,43,1375,0
DWA,PVG,VAI,SHU,DWA,VAS,20270516,20270517,0,11,43,10,58,1395,0
TRY,PVG,VAI,SHU,TRY,VAS,20270517,20270518,0,10,58,10,34,1416,0
CHD,PVG,VAI,SHU,CHD,VAS,20270518,20270519,0,10,34,10,33,1439,0
POU,PVG,VAI,SHU,POU,VAS,20270519,20270520,0,10,33,10,59,1466,0
PRA,PVG,VAI,KRI,PRA,VAS,20270520,20270521,0,10,59,11,53,1494,0
DWI,PVG,VAI,KRI,DWI,VAS,20270521,20270522,0,11,53,13,18,1525,0
TRU,PVG,VAI,KRI,TRU,VAS,20270522,20270523,0,13,18,15,12,1554,0
CHA,PVG,VAI,KRI,CHA,VAS,20270523,20270524,0,15,12,17,29,1577,0
PAN,PVG,VAI,KRI,PAN,VAS,20270524,20270525,0,17,29,20,1,1592,0
SHA,PVG,VAI,KRI,SHA,VAS,20270525,20270526,0,20,1,22,35,1594,0
SAP,PVG,VAI,KRI,SAP,VAS,20270526,20270528,0,22,35,0,56,1581,0
ASH,PVG,VAI,KRI,ASH,VAS,20270528,20270529,0,0,56,2,50,1554,0
NAV,PVG,VAI,KRI,NAV,VAS,20270529,20270530,0,2,50,4,5,1515,0
DAS,PVG,VAI,KRI,DAS,VAS,20270530,20270531,0,4,5,4,32,1467,0
EKA,PVG,VAI,KRI,EKA,VAS,20270531,20270601,0,4,32,4,10,1418,0
DWA,PVG,VAI,KRI,DWA,VAS,20270601,20270602,0,4,10,2,59,1369,0
TRY,PVG,VAI,KRI,TRY,VAS,20270602,20270603,0,2,59,1,5,1326,0
CHD,PVG,VAI,KRI,CHD,VAS,20270603,20270603,0,1,5,22,35,1290,0
AMA,PVG,VAI,KRI,AMA,VAS,20270603,20270604,0,22,35,19,40,1265,0
PRA,PVG,JYE,SHU,PRA,GRE,20270604,20270605,0,19,40,16,29,1249,0
DWI,PVG,JYE,SHU,DWI,GRE,20270605,20270606,0,16,29,13,11,1242,0
TRU,PVG,JYE,SHU,TRU,GRE,20270606,20270607,0,13,11,9,56,1245,0
CHA,PVG,JYE,SHU,CHA,GRE,20270607,20270608,0,9,56,6,52,1256,0
PAN,PVG,JYE,SHU,PAN,GRE,20270608,20270609,0,6,52,4,5,1273,0
SHA,PVG,JYE,SHU,SHA,GRE,20270609,20270610,0,4,5,1,41,1296,0
SAP,PVG,JYE,SHU,SAP,GRE,20270610,20270610,0,1,41,23,44,1323,0
ASH,PVG,JYE,SHU,ASH,GRE,20270610,20270611,0,23,44,22,15,1351,0
NAV,PVG,JYE,SHU,NAV,GRE,20270611,20270612,0,22,15,21,14,1379,0
DAS,PVG,JYE,SHU,DAS,GRE,20270612,20270613,0,21,14,20,42,1408,0
EKA,PVG,JYE,SHU,EKA,GRE,20270613,20270614,0,20,42,20,38,1436,0
DWA,PVG,JYE,SHU,DWA,GRE,20270614,20270615,0,20,38,21,1,1463,0
TRY,PVG,JYE,SHU,TRY,GRE,20270615,20270616,0,21,1,21,50,1489,0
CHD,PVG,JYE,SHU,CHD,GRE,20270616,20270617,0,21,50,23,5,1515,0
POU,PVG,JYE,SHU,POU,GRE,20270617,20270619,0,23,5,0,44,1539,0
PRA,PVG,JYE,KRI,PRA,GRE,20270619,20270620,0,0,44,2,45,1561,0
DWI,PVG,JYE,KRI,DWI,GRE,20270620,20270621,0,2,45,5,5,1580,0
TRU,PVG,JYE,KRI,TRU,GRE,20270621,20270622,0,5,5,7,37,1592,0
CHA,PVG,JYE,KRI,CHA,GRE,20270622,20270623,0,7,37,10,13,1596,0
PAN,PVG,JYE,KRI,PAN,GRE,20270623,20270624,0,10,13,12,40,1587,0
SHA,PVG,JYE,KRI,SHA,GRE,20270624,20270625,0,12,40,14,47,1567,0
SAP,PVG,JYE,KRI,SAP,GRE,20270625,20270626,0,14,47,16,22,1535,0
ASH,PVG,JYE,KRI,ASH,GRE,20270626,20270627,0,16,22,17,15,1493,0
NAV,PVG,JYE,KRI,NAV,GRE,20270627,20270628,0,17,15,17,19,1444,0
DAS,PVG,JYE,KRI,DAS,GRE,20270628,20270629,0,17,19,16,34,1395,0
EKA,PVG,JYE,KRI,EKA,GRE,20270629,20270630,0,16,34,15,1,1347,0
DWA,PVG,JYE,KRI,DWA,GRE,20270630,20270701,0,15,1,12,45,1304,0
TRY,PVG,JYE,KRI,TRY,GRE,20270701,20270702,0,12,45,9,53,1268,0
CHD,PVG,JYE,KRI,CHD,GRE,20270702,20270703,0,9,53,6,36,1243,0
AMA,PVG,JYE,KRI,AMA,GRE,20270703,20270704,0,6,36,3,2,1226,0
PRA,PVG,AAS,SHU,PRA,GRE,20270704,20270704,0,3,2,23,21,1219,0
DWI,PVG,AAS,SHU,DWI,GRE,20270704,20270705,0,23,21,19,44,1223,0
TRU,PVG,AAS,SHU,TRU,GRE,20270705,20270706,0,19,44,16,19,1235,0
CHA,PVG,AAS,SHU,CHA,GRE,20270706,20270707,0,16,19,13,14,1255,0
PAN,PVG,AAS,SHU,PAN,GRE,20270707,20270708,0,13,14,10,37,1283,0
SHA,PVG,AAS,SHU,SHA,GRE,20270708,20270709,0,10,37,8,34,1317,0
SAP,PVG,AAS,SHU,SAP,GRE,20270709,20270710,0,8,34,7,7,1353,0
ASH,PVG,AAS,SHU,ASH,GRE,20270710,20270711,0,7,7,6,20,1393,0
NAV,PVG,AAS,SHU,NAV,GRE,20270711,20270712,0,6,20,6,11,1431,0
DAS,PVG,AAS,SHU,DAS,GRE,20270712,20270713,0,6,11,6,39,1468,0
EKA,PVG,AAS,SHU,EKA,GRE,20270713,20270714,0,6,39,7,40,1501,0
DWA,PVG,AAS,SHU,DWA,GRE,20270714,20270715,0,7,40,9,10,1530,0
TRY,PVG,AAS,SHU,TRY,GRE,20270715,20270716,0,9,10,11,5,1555,0
CHD,PVG,AAS,SHU,CHD,GRE,20270716,20270717,0,11,5,13,18,1573,0
POU,PVG,AAS,SHU,POU,GRE,20270717,20270718,0,13,18,15,44,1586,0
PRA,PVG,AAS,KRI,PRA,GRE,20270718,20270719,0,15,44,18,18,1594,0
DWI,PVG,AAS,KRI,DWI,GRE,20270719,20270720,0,18,18,20,51,1593,0
TRU,PVG,AAS,KRI,TRU,GRE,20270720,20270721,0,20,51,23,17,1586,0
CHA,PVG,AAS,KRI,CHA,GRE,20270721,20270723,0,23,17,1,26,1569,0
PAN,PVG,AAS,KRI,PAN,GRE,20270723,20270724,0,1,26,3,11,1545,0
SHA,PVG,AAS,KRI,SHA,GRE,20270724,20270725,0,3,11,4,23,1512,0
SAP,PVG,AAS,KRI,SAP,GRE,20270725,20270726,0,4,23,4,55,1472,0
ASH,PVG,AAS,KRI,ASH,GRE,20270726,20270727,0,4,55,4,43,1428,0
NAV,PVG,AAS,KRI,NAV,GRE,20270727,20270728,0,4,43,3,45,1382,0
DAS,PVG,AAS,KRI,DAS,GRE,20270728,20270729,0,3,45,2,4,1339,0
EKA,PVG,AAS,KRI,EKA,GRE,20270729,20270729,0,2,4,23,43,1299,0
DWA,PVG,AAS,KRI,DWA,GRE,20270729,20270730,0,23,43,20,48,1265,0
TRY,PVG,AAS,KRI,TRY,GRE,20270730,20270731,0,20,48,17,28,1240,0
CHD,PVG,AAS,KRI,CHD,GRE,20270731,20270801,0,17,28,13,50,1222,0
AMA,PVG,AAS,KRI,AMA,GRE,20270801,20270802,0,13,50,10,5,1215,0
PRA,PVG,SHR,SHU,PRA,VAR,20270802,20270803,0,10,5,6,21,1216,0
DWI,PVG,SHR,SHU,DWI,VAR,20270803,20270804,0,6,21,2,50,1229,0
TRU,PVG,SHR,SHU,TRU,VAR,20270804,20270804,0,2,50,23,39,1249,0
CHA,PVG,SHR,SHU,CHA,VAR,20270804,20270805,0,23,39,20,57,1278,0
PAN,PVG,SHR,SHU,PAN,VAR,20270805,20270806,0,20,57,18,53,1316,0
SHA,PVG,SHR,SHU,SHA,VAR,20270806,20270807,0,18,53,17,31,1358,0
SAP,PVG,SHR,SHU,SAP,VAR,20270807,20270808,0,17,31,16,54,1403,0
ASH,PVG,SHR,SHU,ASH,VAR,20270808,20270809,0,16,54,17,4,1450,0
NAV,PVG,SHR,SHU,NAV,VAR,20270809,20270810,0,17,4,17,58,1494,0
DAS,PVG,SHR,SHU,DAS,VAR,20270810,20270811,0,17,58,19,29,1531,0
EKA,PVG,SHR,SHU,EKA,VAR,20270811,20270812,0,19,29,21,30,1561,0
DWA,PVG,SHR,SHU,DWA,VAR,20270812,20270813,0,21,30,23,51,1581,0
TRY,PVG,SHR,SHU,TRY,VAR,20270813,20270815,0,23,51,2,24,1593,0
CHD,PVG,SHR,SHU,CHD,VAR,20270815,20270816,0,2,24,4,59,1595,0
POU,PVG,SHR,SHU,POU,VAR,20270816,20270817,0,4,59,7,28,1589,0
PRA,PVG,SHR,KRI,PRA,VAR,20270817,20270818,0,7,28,9,46,1578,0
DWI,PVG,SHR,KRI,DWI,VAR,20270818,20270819,0,9,46,11,46,1560,0
TRU,PVG,SHR,KRI,TRU,VAR,20270819,20270820,0,11,46,13,23,1537,0
CHA,PVG,SHR,KRI,CHA,VAR,20270820,20270821,0,13,23,14,35,1512,0
PAN,PVG,SHR,KRI,PAN,VAR,20270821,20270822,0,14,35,15,15,1480,0
SHA,PVG,SHR,KRI,SHA,VAR,20270822,20270823,0,15,15,15,23,1448,0
SAP,PVG,SHR,KRI,SAP,VAR,20270823,20270824,0,15,23,14,55,1412,0
ASH,PVG,SHR,KRI,ASH,VAR,20270824,20270825,0,14,55,13,50,1375,0
NAV,PVG,SHR,KRI,NAV,VAR,20270825,20270826,0,13,50,12,9,1339,0
DAS,PVG,SHR,KRI,DAS,VAR,20270826,20270827,0,12,9,9,55,1306,0
EKA,PVG,SHR,KRI,EKA,VAR,20270827,20270828,0,9,55,7,12,1277,0
DWA,PVG,SHR,KRI,DWA,VAR,20270828,20270829,0,7,12,4,6,1254,0
TRY,PVG,SHR,KRI,TRY,VAR,20270829,20270830,0,4,6,0,43,1237,0
CHD,PVG,SHR,KRI,CHD,VAR,20270830,20270830,0,0,43,21,11,1228,0
AMA,PVG,SHR,KRI,AMA,VAR,20270830,20270831,0,21,11,17,41,1230,0
PRA,PVG,BHA,SHU,PRA,VAR,20270831,20270901,0,17,41,14,20,1239,0
DWI,PVG,BHA,SHU,DWI,VAR,20270901,20270902,0,14,20,11,20,1260,0
TRU,PVG,BHA,SHU,TRU,VAR,20270902,20270903,0,11,20,8,49,1289,0
CHA,PVG,BHA,SHU,CHA,VAR,20270903,20270904,0,8,49,6,56,1327,0
PAN,PVG,BHA,SHU,PAN,VAR,20270904,20270905,0,6,56,5,47,1371,0
SHA,PVG,BHA,SHU,SHA,VAR,20270905,20270906,0,5,47,5,28,1421,0
SAP,PVG,BHA,SHU,SAP,VAR,20270906,20270907,0,5,28,5,58,1470,0
ASH,PVG,BHA,SHU,ASH,VAR,20270907,20270908,0,5,58,7,14,1516,0
NAV,PVG,BHA,SHU,NAV,VAR,20270908,20270909,0,7,14,9,9,1555,0
DAS,PVG,BHA,SHU,DAS,VAR,20270909,20270910,0,9,9,11,30,1581,0
EKA,PVG,BHA,SHU,EKA,VAR,20270910,20270911,0,11,30,14,6,1596,0
DWA,PVG,BHA,SHU,DWA,VAR,20270911,20270912,0,14,6,16,43,1597,0
TRY,PVG,BHA,SHU,TRY,VAR,20270912,20270913,0,16,43,19,10,1587,0
CHD,PVG,BHA,SHU,CHD,VAR,20270913,20270914,0,19,10,21,18,1568,0
POU,PVG,BHA,SHU,POU,VAR,20270914,20270915,0,21,18,23,3,1545,0
PRA,PVG,BHA,KRI,PRA,VAR,20270915,20270917,0,23,3,0,22,1519,0
DWI,PVG,BHA,KRI,DWI,VAR,20270917,20270918,0,0,22,1,14,1492,0
TRU,PVG,BHA,KRI,TRU,VAR,20270918,20270919,0,1,14,1,39,1465,0
CHA,PVG,BHA,KRI,CHA,VAR,20270919,20270920,0,1,39,1,39,1440,0
PAN,PVG,BHA,KRI,PAN,VAR,20270920,20270921,0,1,39,1,13,1414,0
SHA,PVG,BHA,KRI,SHA,VAR,20270921,20270922,0,1,13,0,22,1389,0
SAP,PVG,BHA,KRI,SAP,VAR,20270922,20270922,0,0,22,23,7,1365,0
ASH,PVG,BHA,KRI,ASH,VAR,20270922,20270923,0,23,7,21,27,1340,0
NAV,PVG,BHA,KRI,NAV,VAR,20270923,20270924,0,21,27,19,25,1318,0
DAS,PVG,BHA,KRI,DAS,VAR,20270924,20270925,0,19,25,17,1,1296,0
EKA,PVG,BHA,KRI,EKA,VAR,20270925,20270926,0,17,1,14,19,1278,0
DWA,PVG,BHA,KRI,DWA,VAR,20270926,20270927,0,14,19,11,25,1266,0
TRY,PVG,BHA,KRI,TRY,VAR,20270927,20270928,0,11,25,8,25,1260,0
CHD,PVG,BHA,KRI,CHD,VAR,20270928,20270929,0,8,25,5,25,1260,0
AMA,PVG,BHA,KRI,AMA,VAR,20270929,20270930,0,5,25,2,36,1271,0
PRA,PVG,ASV,SHU,PRA,SHA,20270930,20271001,0,2,36,0,5,1289,0
DWI,PVG,ASV,SHU,DWI,SHA,20271001,20271001,0,0,5,22,3,1318,0
TRU,PVG,ASV,SHU,TRU,SHA,20271001,20271002,0,22,3,20,39,1356,0
CHA,PVG,ASV,SHU,CHA,SHA,20271002,20271003,0,20,39,19,58,1399,0
PAN,PVG,ASV,SHU,PAN,SHA,20271003,20271004,0,19,58,20,6,1448,0
SHA,PVG,ASV,SHU,SHA,SHA,20271004,20271005,0,20,6,21,3,1497,0
SAP,PVG,ASV,SHU,SAP,SHA,20271005,20271006,0,21,3,22,43,1540,0
ASH,PVG,ASV,SHU,ASH,SHA,20271006,20271008,0,22,43,0,58,1575,0
NAV,PVG,ASV,SHU,NAV,SHA,20271008,20271009,0,0,58,3,32,1594,0
DAS,PVG,ASV,SHU,DAS,SHA,20271009,20271010,0,3,32,6,11,1599,0
EKA,PVG,ASV,SHU,EKA,SHA,20271010,20271011,0,6,11,8,39,1588,0
DWA,PVG,ASV,SHU,DWA,SHA,20271011,20271012,0,8,39,10,44,1565,0
TRY,PVG,ASV,SHU,TRY,SHA,20271012,20271013,0,10,44,12,18,1534,0
CHD,PVG,ASV,SHU,CHD,SHA,20271013,20271014,0,12,18,13,19,1501,0
POU,PVG,ASV,SHU,POU,SHA,20271014,20271015,0,13,19,13,46,1467,0
PRA,PVG,ASV,KRI,PRA,SHA,20271015,20271016,0,13,46,13,43,1437,0
DWI,PVG,ASV,KRI,DWI,SHA,20271016,20271017,0,13,43,13,13,1410,0
TRU,PVG,ASV,KRI,TRU,SHA,20271017,20271018,0,13,13,12,22,1389,0
CHA,PVG,ASV,KRI,CHA,SHA,20271018,20271019,0,12,22,11,12,1370,0
PAN,PVG,ASV,KRI,PAN,SHA,20271019,20271020,0,11,12,9,48,1356,0
SHA,PVG,ASV,KRI,SHA,SHA,20271020,20271021,0,9,48,8,13,1345,0
SAP,PVG,ASV,KRI,SAP,SHA,20271021,20271022,0,8,13,6,26,1333,0
ASH,PVG,ASV,KRI,ASH,SHA,20271022,20271023,0,6,26,4,29,1323,0
NAV,PVG,ASV,KRI,NAV,SHA,20271023,20271024,0,4,29,2,23,1314,0
DAS,PVG,ASV,KRI,DAS,SHA,20271024,20271025,0,2,23,0,10,1307,0
EKA,PVG,ASV,KRI,EKA,SHA,20271025,20271025,0,0,10,21,52,1302,0
DWA,PVG,ASV,KRI,DWA,SHA,20271025,20271026,0,21,52,19,33,1301,0
TRY,PVG,ASV,KRI,TRY,SHA,20271026,20271027,0,19,33,17,20,1307,0
CHD,PVG,ASV,KRI,CHD,SHA,20271027,20271028,0,17,20,15,18,1318,0
AMA,PVG,ASV,KRI,AMA,SHA,20271028,20271029,0,15,18,13,36,1338,0
PRA,PVG,KAR,SHU,PRA,SHA,20271029,20271030,0,13,36,12,22,1366,0
DWI,PVG,KAR,SHU,DWI,SHA,20271030,20271031,0,12,22,11,43,1401,0
TRU,PVG,KAR,SHU,TRU,SHA,20271031,20271101,0,11,43,11,45,1442,0
CHA,PVG,KAR,SHU,CHA,SHA,20271101,20271102,0,11,45,12,32,1487,0
PAN,PVG,KAR,SHU,PAN,SHA,20271102,20271103,0,12,32,14,2,1530,0
SHA,PVG,KAR,SHU,SHA,SHA,20271103,20271104,0,14,2,16,8,1566,0
SAP,PVG,KAR,SHU,SAP,SHA,20271104,20271105,0,16,8,18,39,1591,0
ASH,PVG,KAR,SHU,ASH,SHA,20271105,20271106,0,18,39,21,20,1601,0
NAV,PVG,KAR,SHU,NAV,SHA,20271106,20271107,0,21,20,23,54,1594,0
DAS,PVG,KAR,SHU,DAS,SHA,20271107,20271109,0,23,54,2,5,1571,0
EKA,PVG,KAR,SHU,EKA,SHA,20271109,20271110,0,2,5,3,41,1536,0
DWA,PVG,KAR,SHU,DWA,SHA,20271110,20271111,0,3,41,4,37,1496,0
TRY,PVG,KAR,SHU,TRY,SHA,20271111,20271112,0,4,37,4,51,1454,0
CHD,PVG,KAR,SHU,CHD,SHA,20271112,20271113,0,4,51,4,25,1414,0
POU,PVG,KAR,SHU,POU,SHA,20271113,20271114,0,4,25,3,25,1380,0
PRA,PVG,KAR,KRI,PRA,SHA,20271114,20271115,0,3,25,1,58,1353,0
DWI,PVG,KAR,KRI,DWI,SHA,20271115,20271116,0,1,58,0,11,1333,0
TRU,PVG,KAR,KRI,TRU,SHA,20271116,20271116,0,0,11,22,12,1321,0
CHA,PVG,KAR,KRI,CHA,SHA,20271116,20271117,0,22,12,20,5,1313,0
PAN,PVG,KAR,KRI,PAN,SHA,20271117,20271118,0,20,5,17,57,1312,0
SHA,PVG,KAR,KRI,SHA,SHA,20271118,20271119,0,17,57,15,50,1313,0
SAP,PVG,KAR,KRI,SAP,SHA,20271119,20271120,0,15,50,13,47,1317,0
ASH,PVG,KAR,KRI,ASH,SHA,20271120,20271121,0,13,47,11,50,1323,0
NAV,PVG,KAR,KRI,NAV,SHA,20271121,20271122,0,11,50,9,58,1328,0
DAS,PVG,KAR,KRI,DAS,SHA,20271122,20271123,0,9,58,8,15,1337,0
EKA,PVG,KAR,KRI,EKA,SHA,20271123,20271124,0,8,15,6,41,1346,0
DWA,PVG,KAR,KRI,DWA,SHA,20271124,20271125,0,6,41,5,21,1360,0
TRY,PVG,KAR,KRI,TRY,SHA,20271125,20271126,0,5,21,4,18,1377,0
CHD,PVG,KAR,KRI,CHD,SHA,20271126,20271127,0,4,18,3,37,1399,0
AMA,PVG,KAR,KRI,AMA,SHA,20271127,20271128,0,3,37,3,24,1427,0
PRA,PVG,MGS,SHU,PRA,HEM,20271128,20271129,0,3,24,3,43,1459,0
DWI,PVG,MGS,SHU,DWI,HEM,20271129,20271130,0,3,43,4,38,1495,0
TRU,PVG,MGS,SHU,TRU,HEM,20271130,20271201,0,4,38,6,9,1531,0
CHA,PVG,MGS,SHU,CHA,HEM,20271201,20271202,0,6,9,8,14,1565,0
PAN,PVG,MGS,SHU,PAN,HEM,20271202,20271203,0,8,14,10,43,1589,0
SHA,PVG,MGS,SHU,SHA,HEM,20271203,20271204,0,10,43,13,26,1603,0
SAP,PVG,MGS,SHU,SAP,HEM,20271204,20271205,0,13,26,16,7,1601,0
ASH,PVG,MGS,SHU,ASH,HEM,20271205,20271206,0,16,7,18,30,1583,0
NAV,PVG,MGS,SHU,NAV,HEM,20271206,20271207,0,18,30,20,21,1551,0
DAS,PVG,MGS,SHU,DAS,HEM,20271207,20271208,0,20,21,21,29,1508,0
EKA,PVG,MGS,SHU,EKA,HEM,20271208,20271209,0,21,29,21,50,1461,0
DWA,PVG,MGS,SHU,DWA,HEM,20271209,20271210,0,21,50,21,23,1413,0
TRY,PVG,MGS,SHU,TRY,HEM,20271210,20271211,0,21,23,20,13,1370,0
CHD,PVG,MGS,SHU,CHD,HEM,20271211,20271212,0,20,13,18,25,1332,0
POU,PVG,MGS,SHU,POU,HEM,20271212,20271213,0,18,25,16,8,1303,0
PRA,PVG,MGS,KRI,PRA,HEM,20271213,20271214,0,16,8,13,31,1283,0
DWI,PVG,MGS,KRI,DWI,HEM,20271214,20271215,0,13,31,10,43,1272,0
TRU,PVG,MGS,KRI,TRU,HEM,20271215,20271216,0,10,43,7,52,1269,0
CHA,PVG,MGS,KRI,CHA,HEM,20271216,20271217,0,7,52,5,4,1272,0
PAN,PVG,MGS,KRI,PAN,HEM,20271217,20271218,0,5,4,2,28,1284,0
SHA,PVG,MGS,KRI,SHA,HEM,20271218,20271219,0,2,28,0,6,1298,0
SAP,PVG,MGS,KRI,SAP,HEM,20271219,20271219,0,0,6,22,4,1318,0
ASH,PVG,MGS,KRI,ASH,HEM,20271219,20271220,0,22,4,20,23,1339,0
NAV,PVG,MGS,KRI,NAV,HEM,20271220,20271221,0,20,23,19,5,1362,0
DAS,PVG,MGS,KRI,DAS,HEM,20271221,20271222,0,19,5,18,11,1386,0
EKA,PVG,MGS,KRI,EKA,HEM,20271222,20271223,0,18,11,17,42,1411,0
DWA,PVG,MGS,KRI,DWA,HEM,20271223,20271224,0,17,42,17,38,1436,0
TRY,PVG,MGS,KRI,TRY,HEM,20271224,20271225,0,17,38,18,2,1464,0
CHD,PVG,MGS,KRI,CHD,HEM,20271225,20271226,0,18,2,18,53,1491,0
AMA,PVG,MGS,KRI,AMA,HEM,20271226,20271227,0,18,53,20,12,1519,0